timestamp,open,high,low,close,volume
2024-12-23 17:30:00,1.13e-06,1.14e-06,1.13e-06,1.13e-06,50502564416.0
2024-12-23 17:45:00,1.13e-06,1.14e-06,1.12e-06,1.12e-06,72529545261.0
2024-12-23 18:00:00,1.12e-06,1.14e-06,1.12e-06,1.14e-06,47348115048.0
2024-12-23 18:15:00,1.13e-06,1.14e-06,1.12e-06,1.13e-06,23302086364.0
2024-12-23 18:30:00,1.12e-06,1.14e-06,1.12e-06,1.13e-06,40966976654.0
2024-12-23 18:45:00,1.13e-06,1.14e-06,1.12e-06,1.13e-06,12236865875.0
2024-12-23 19:00:00,1.12e-06,1.14e-06,1.12e-06,1.13e-06,41782224764.0
2024-12-23 19:15:00,1.13e-06,1.14e-06,1.13e-06,1.14e-06,7009469675.0
2024-12-23 19:30:00,1.14e-06,1.14e-06,1.13e-06,1.14e-06,13576376346.0
2024-12-23 19:45:00,1.13e-06,1.15e-06,1.13e-06,1.15e-06,79298176393.0
2024-12-23 20:00:00,1.14e-06,1.15e-06,1.14e-06,1.15e-06,37636803852.0
2024-12-23 20:15:00,1.14e-06,1.15e-06,1.14e-06,1.14e-06,13000968988.0
2024-12-23 20:30:00,1.15e-06,1.16e-06,1.14e-06,1.15e-06,99360873415.0
2024-12-23 20:45:00,1.15e-06,1.16e-06,1.15e-06,1.15e-06,41963741117.0
2024-12-23 21:00:00,1.16e-06,1.17e-06,1.15e-06,1.17e-06,186386213958.0
2024-12-23 21:15:00,1.17e-06,1.18e-06,1.15e-06,1.17e-06,217964224518.0
2024-12-23 21:30:00,1.16e-06,1.17e-06,1.16e-06,1.17e-06,39019770208.0
2024-12-23 21:45:00,1.17e-06,1.17e-06,1.15e-06,1.15e-06,19155592179.0
2024-12-23 22:00:00,1.16e-06,1.16e-06,1.15e-06,1.16e-06,15002488966.0
2024-12-23 22:15:00,1.16e-06,1.17e-06,1.15e-06,1.16e-06,35185148901.0
2024-12-23 22:30:00,1.16e-06,1.17e-06,1.16e-06,1.16e-06,33372867000.0
2024-12-23 22:45:00,1.17e-06,1.17e-06,1.16e-06,1.17e-06,16674598374.0
2024-12-23 23:00:00,1.17e-06,1.17e-06,1.16e-06,1.17e-06,12282725391.0
2024-12-23 23:15:00,1.16e-06,1.17e-06,1.16e-06,1.16e-06,9878801067.0
2024-12-23 23:30:00,1.17e-06,1.17e-06,1.16e-06,1.16e-06,22295118465.0
2024-12-23 23:45:00,1.16e-06,1.17e-06,1.16e-06,1.16e-06,6825369705.0
2024-12-24 00:00:00,1.17e-06,1.17e-06,1.15e-06,1.15e-06,44602343425.0
2024-12-24 00:15:00,1.16e-06,1.18e-06,1.15e-06,1.17e-06,178048870499.0
2024-12-24 00:30:00,1.18e-06,1.18e-06,1.16e-06,1.16e-06,34394941152.0
2024-12-24 00:45:00,1.17e-06,1.18e-06,1.16e-06,1.18e-06,70403541566.0
2024-12-24 01:00:00,1.18e-06,1.18e-06,1.17e-06,1.18e-06,29587752352.0
2024-12-24 01:15:00,1.17e-06,1.18e-06,1.17e-06,1.18e-06,84509307861.0
2024-12-24 01:30:00,1.17e-06,1.18e-06,1.16e-06,1.16e-06,94775892496.0
2024-12-24 01:45:00,1.16e-06,1.17e-06,1.15e-06,1.16e-06,39828750346.0
2024-12-24 02:00:00,1.16e-06,1.16e-06,1.15e-06,1.16e-06,8745429025.0
2024-12-24 02:15:00,1.16e-06,1.16e-06,1.14e-06,1.15e-06,43672194838.0
2024-12-24 02:30:00,1.14e-06,1.16e-06,1.14e-06,1.16e-06,22365968057.0
2024-12-24 02:45:00,1.15e-06,1.16e-06,1.14e-06,1.14e-06,23610665277.0
2024-12-24 03:00:00,1.14e-06,1.15e-06,1.14e-06,1.15e-06,16804804330.0
2024-12-24 03:15:00,1.15e-06,1.16e-06,1.14e-06,1.16e-06,13537509245.0
2024-12-24 03:30:00,1.16e-06,1.16e-06,1.15e-06,1.16e-06,3074565559.0
2024-12-24 03:45:00,1.15e-06,1.16e-06,1.15e-06,1.15e-06,18396064278.0
2024-12-24 04:00:00,1.15e-06,1.16e-06,1.15e-06,1.16e-06,9280884734.0
2024-12-24 04:15:00,1.15e-06,1.16e-06,1.15e-06,1.15e-06,5072333753.0
2024-12-24 04:30:00,1.15e-06,1.16e-06,1.15e-06,1.16e-06,20793862476.0
2024-12-24 04:45:00,1.16e-06,1.16e-06,1.15e-06,1.16e-06,12197588346.0
2024-12-24 05:00:00,1.16e-06,1.16e-06,1.15e-06,1.16e-06,6175278044.0
2024-12-24 05:15:00,1.16e-06,1.16e-06,1.15e-06,1.15e-06,5519835523.0
2024-12-24 05:30:00,1.15e-06,1.16e-06,1.15e-06,1.15e-06,8622663605.0
2024-12-24 05:45:00,1.16e-06,1.16e-06,1.15e-06,1.15e-06,17042823443.0
2024-12-24 06:00:00,1.15e-06,1.16e-06,1.15e-06,1.16e-06,17183912413.0
2024-12-24 06:15:00,1.16e-06,1.16e-06,1.15e-06,1.15e-06,76693416906.0
2024-12-24 06:30:00,1.15e-06,1.15e-06,1.14e-06,1.14e-06,15703120670.0
2024-12-24 06:45:00,1.15e-06,1.15e-06,1.14e-06,1.14e-06,11336165042.0
2024-12-24 07:00:00,1.15e-06,1.15e-06,1.14e-06,1.14e-06,13803654072.0
2024-12-24 07:15:00,1.15e-06,1.15e-06,1.14e-06,1.15e-06,7800756352.0
2024-12-24 07:30:00,1.14e-06,1.15e-06,1.14e-06,1.15e-06,13562909915.0
2024-12-24 07:45:00,1.14e-06,1.15e-06,1.14e-06,1.15e-06,16053238793.0
2024-12-24 08:00:00,1.15e-06,1.15e-06,1.14e-06,1.15e-06,11753532107.0
2024-12-24 08:15:00,1.15e-06,1.15e-06,1.14e-06,1.15e-06,50218274770.0
2024-12-24 08:30:00,1.15e-06,1.15e-06,1.14e-06,1.14e-06,4970026544.0
2024-12-24 08:45:00,1.15e-06,1.15e-06,1.14e-06,1.14e-06,15085175804.0
2024-12-24 09:00:00,1.15e-06,1.15e-06,1.14e-06,1.15e-06,84949559464.0
2024-12-24 09:15:00,1.14e-06,1.15e-06,1.13e-06,1.14e-06,51234736310.0
2024-12-24 09:30:00,1.15e-06,1.15e-06,1.14e-06,1.15e-06,6899237618.0
2024-12-24 09:45:00,1.15e-06,1.15e-06,1.14e-06,1.14e-06,16778063031.0
2024-12-24 10:00:00,1.14e-06,1.15e-06,1.14e-06,1.14e-06,34562366069.0
2024-12-24 10:15:00,1.15e-06,1.15e-06,1.13e-06,1.13e-06,27659776316.0
2024-12-24 10:30:00,1.14e-06,1.15e-06,1.13e-06,1.14e-06,65015339340.0
2024-12-24 10:45:00,1.14e-06,1.15e-06,1.13e-06,1.14e-06,28268834085.0
2024-12-24 11:00:00,1.15e-06,1.15e-06,1.14e-06,1.15e-06,14902091253.0
2024-12-24 11:15:00,1.15e-06,1.15e-06,1.14e-06,1.14e-06,12047939416.0
2024-12-24 11:30:00,1.15e-06,1.15e-06,1.14e-06,1.15e-06,20020983770.0
2024-12-24 11:45:00,1.15e-06,1.15e-06,1.14e-06,1.15e-06,17534183889.0
2024-12-24 12:00:00,1.15e-06,1.15e-06,1.14e-06,1.14e-06,8572087987.0
2024-12-24 12:15:00,1.15e-06,1.16e-06,1.14e-06,1.14e-06,97996802599.0
2024-12-24 12:30:00,1.15e-06,1.15e-06,1.14e-06,1.14e-06,10329417911.0
2024-12-24 12:45:00,1.15e-06,1.15e-06,1.14e-06,1.14e-06,6925307242.0
2024-12-24 13:00:00,1.15e-06,1.15e-06,1.14e-06,1.14e-06,32341159375.0
2024-12-24 13:15:00,1.15e-06,1.16e-06,1.14e-06,1.16e-06,28913078090.0
2024-12-24 13:30:00,1.15e-06,1.17e-06,1.15e-06,1.16e-06,102813339605.0
2024-12-24 13:45:00,1.16e-06,1.17e-06,1.16e-06,1.17e-06,27444270701.0
2024-12-24 14:00:00,1.17e-06,1.18e-06,1.16e-06,1.17e-06,121158133625.0
2024-12-24 14:15:00,1.17e-06,1.17e-06,1.16e-06,1.17e-06,33138211581.0
2024-12-24 14:30:00,1.17e-06,1.18e-06,1.16e-06,1.17e-06,97731659890.0
2024-12-24 14:45:00,1.18e-06,1.18e-06,1.16e-06,1.16e-06,40381271755.0
2024-12-24 15:00:00,1.17e-06,1.17e-06,1.16e-06,1.17e-06,19549721995.0
2024-12-24 15:15:00,1.16e-06,1.17e-06,1.16e-06,1.17e-06,36429865599.0
2024-12-24 15:30:00,1.17e-06,1.18e-06,1.16e-06,1.17e-06,176937018527.0
2024-12-24 15:45:00,1.18e-06,1.18e-06,1.17e-06,1.17e-06,14216029724.0
2024-12-24 16:00:00,1.18e-06,1.18e-06,1.17e-06,1.18e-06,16342592401.0
2024-12-24 16:15:00,1.18e-06,1.19e-06,1.17e-06,1.19e-06,66643936151.0
2024-12-24 16:30:00,1.19e-06,1.19e-06,1.17e-06,1.18e-06,61620360643.0
2024-12-24 16:45:00,1.17e-06,1.18e-06,1.17e-06,1.18e-06,13382381826.0
2024-12-24 17:00:00,1.18e-06,1.18e-06,1.17e-06,1.18e-06,30240374724.0
2024-12-24 17:15:00,1.18e-06,1.18e-06,1.17e-06,1.18e-06,11864871521.0
2024-12-24 17:30:00,1.18e-06,1.18e-06,1.17e-06,1.17e-06,16221437824.0
2024-12-24 17:45:00,1.17e-06,1.18e-06,1.17e-06,1.18e-06,23214571256.0
2024-12-24 18:00:00,1.17e-06,1.19e-06,1.17e-06,1.19e-06,50275262717.0
2024-12-24 18:15:00,1.19e-06,1.19e-06,1.17e-06,1.17e-06,43151715606.0
2024-12-24 18:30:00,1.17e-06,1.18e-06,1.17e-06,1.18e-06,13039817958.0
2024-12-24 18:45:00,1.17e-06,1.18e-06,1.17e-06,1.17e-06,5973557789.0
2024-12-24 19:00:00,1.18e-06,1.18e-06,1.17e-06,1.17e-06,11211061221.0
2024-12-24 19:15:00,1.17e-06,1.18e-06,1.17e-06,1.18e-06,13840315812.0
2024-12-24 19:30:00,1.18e-06,1.19e-06,1.17e-06,1.18e-06,39032222658.0
2024-12-24 19:45:00,1.18e-06,1.18e-06,1.17e-06,1.18e-06,7156184938.0
2024-12-24 20:00:00,1.18e-06,1.18e-06,1.16e-06,1.16e-06,93116983553.0
2024-12-24 20:15:00,1.16e-06,1.17e-06,1.16e-06,1.16e-06,11030097136.0
2024-12-24 20:30:00,1.17e-06,1.17e-06,1.16e-06,1.16e-06,13906467922.0
2024-12-24 20:45:00,1.17e-06,1.17e-06,1.16e-06,1.16e-06,6342435355.0
2024-12-24 21:00:00,1.17e-06,1.17e-06,1.16e-06,1.17e-06,4526432747.0
2024-12-24 21:15:00,1.16e-06,1.17e-06,1.16e-06,1.17e-06,17408341135.0
2024-12-24 21:30:00,1.17e-06,1.17e-06,1.16e-06,1.17e-06,11033282074.0
2024-12-24 21:45:00,1.16e-06,1.17e-06,1.16e-06,1.17e-06,8167779554.0
2024-12-24 22:00:00,1.17e-06,1.17e-06,1.16e-06,1.16e-06,9224618275.0
2024-12-24 22:15:00,1.16e-06,1.18e-06,1.16e-06,1.18e-06,28412409533.0
2024-12-24 22:30:00,1.18e-06,1.18e-06,1.17e-06,1.17e-06,10475987966.0
2024-12-24 22:45:00,1.18e-06,1.18e-06,1.17e-06,1.18e-06,3819691478.0
2024-12-24 23:00:00,1.18e-06,1.18e-06,1.17e-06,1.17e-06,6937429442.0
2024-12-24 23:15:00,1.17e-06,1.18e-06,1.17e-06,1.18e-06,15247772770.0
2024-12-24 23:30:00,1.18e-06,1.19e-06,1.17e-06,1.19e-06,74659976313.0
2024-12-24 23:45:00,1.18e-06,1.19e-06,1.17e-06,1.18e-06,62319647986.0
2024-12-25 00:00:00,1.18e-06,1.19e-06,1.17e-06,1.18e-06,42430175613.0
2024-12-25 00:15:00,1.17e-06,1.18e-06,1.16e-06,1.17e-06,32448434071.0
2024-12-25 00:30:00,1.17e-06,1.17e-06,1.16e-06,1.17e-06,18441413496.0
2024-12-25 00:45:00,1.16e-06,1.17e-06,1.16e-06,1.16e-06,37758934860.0
2024-12-25 01:00:00,1.17e-06,1.17e-06,1.16e-06,1.16e-06,10045722015.0
2024-12-25 01:15:00,1.16e-06,1.17e-06,1.16e-06,1.17e-06,10473782052.0
2024-12-25 01:30:00,1.16e-06,1.17e-06,1.16e-06,1.17e-06,11933415043.0
2024-12-25 01:45:00,1.17e-06,1.17e-06,1.16e-06,1.17e-06,13444179923.0
2024-12-25 02:00:00,1.17e-06,1.17e-06,1.15e-06,1.16e-06,64237081405.0
2024-12-25 02:15:00,1.16e-06,1.17e-06,1.15e-06,1.16e-06,25443589714.0
2024-12-25 02:30:00,1.16e-06,1.17e-06,1.16e-06,1.17e-06,15039582090.0
2024-12-25 02:45:00,1.17e-06,1.17e-06,1.16e-06,1.17e-06,5033801637.0
2024-12-25 03:00:00,1.17e-06,1.17e-06,1.15e-06,1.16e-06,44236259941.0
2024-12-25 03:15:00,1.16e-06,1.16e-06,1.15e-06,1.15e-06,17895916095.0
2024-12-25 03:30:00,1.16e-06,1.16e-06,1.15e-06,1.16e-06,31898943322.0
2024-12-25 03:45:00,1.15e-06,1.16e-06,1.15e-06,1.16e-06,13643813590.0
2024-12-25 04:00:00,1.15e-06,1.16e-06,1.15e-06,1.15e-06,7993227928.0
2024-12-25 04:15:00,1.15e-06,1.16e-06,1.15e-06,1.16e-06,8215442892.0
2024-12-25 04:30:00,1.15e-06,1.16e-06,1.15e-06,1.15e-06,7202264582.0
2024-12-25 04:45:00,1.16e-06,1.16e-06,1.15e-06,1.15e-06,90440059458.0
2024-12-25 05:00:00,1.16e-06,1.16e-06,1.15e-06,1.15e-06,10784162234.0
2024-12-25 05:15:00,1.16e-06,1.16e-06,1.15e-06,1.16e-06,11905400494.0
2024-12-25 05:30:00,1.15e-06,1.16e-06,1.15e-06,1.15e-06,6357450925.0
2024-12-25 05:45:00,1.15e-06,1.16e-06,1.15e-06,1.16e-06,11631159906.0
2024-12-25 06:00:00,1.16e-06,1.16e-06,1.15e-06,1.16e-06,4449123373.0
2024-12-25 06:15:00,1.16e-06,1.16e-06,1.15e-06,1.15e-06,8246438465.0
2024-12-25 06:30:00,1.15e-06,1.16e-06,1.15e-06,1.15e-06,4305930562.0
2024-12-25 06:45:00,1.15e-06,1.16e-06,1.15e-06,1.15e-06,49732502445.0
2024-12-25 07:00:00,1.15e-06,1.16e-06,1.15e-06,1.15e-06,7413793865.0
2024-12-25 07:15:00,1.16e-06,1.16e-06,1.15e-06,1.15e-06,15216117660.0
2024-12-25 07:30:00,1.16e-06,1.16e-06,1.15e-06,1.15e-06,22394538052.0
2024-12-25 07:45:00,1.15e-06,1.16e-06,1.14e-06,1.14e-06,104637765237.0
2024-12-25 08:00:00,1.15e-06,1.15e-06,1.14e-06,1.15e-06,10796533299.0
2024-12-25 08:15:00,1.15e-06,1.16e-06,1.14e-06,1.16e-06,102362552065.0
2024-12-25 08:30:00,1.16e-06,1.16e-06,1.15e-06,1.16e-06,13582178279.0
2024-12-25 08:45:00,1.16e-06,1.16e-06,1.15e-06,1.15e-06,20120806456.0
2024-12-25 09:00:00,1.15e-06,1.16e-06,1.15e-06,1.15e-06,12866239312.0
2024-12-25 09:15:00,1.16e-06,1.16e-06,1.15e-06,1.16e-06,8926613262.0
2024-12-25 09:30:00,1.16e-06,1.16e-06,1.14e-06,1.15e-06,49673012898.0
2024-12-25 09:45:00,1.15e-06,1.16e-06,1.14e-06,1.15e-06,42982053720.0
2024-12-25 10:00:00,1.15e-06,1.16e-06,1.14e-06,1.15e-06,102222476430.0
2024-12-25 10:15:00,1.15e-06,1.16e-06,1.15e-06,1.16e-06,72979104607.0
2024-12-25 10:30:00,1.16e-06,1.16e-06,1.15e-06,1.15e-06,20935052314.0
2024-12-25 10:45:00,1.16e-06,1.16e-06,1.14e-06,1.15e-06,78509396083.0
2024-12-25 11:00:00,1.15e-06,1.15e-06,1.14e-06,1.15e-06,13741441981.0
2024-12-25 11:15:00,1.15e-06,1.16e-06,1.14e-06,1.16e-06,96095146727.0
2024-12-25 11:30:00,1.16e-06,1.16e-06,1.14e-06,1.15e-06,72488421807.0
2024-12-25 11:45:00,1.15e-06,1.15e-06,1.14e-06,1.14e-06,7309805065.0
2024-12-25 12:00:00,1.14e-06,1.15e-06,1.13e-06,1.15e-06,108647340268.0
2024-12-25 12:15:00,1.15e-06,1.15e-06,1.13e-06,1.15e-06,44132018849.0
2024-12-25 12:30:00,1.14e-06,1.15e-06,1.14e-06,1.15e-06,14049750134.0
2024-12-25 12:45:00,1.15e-06,1.15e-06,1.14e-06,1.15e-06,8389176953.0
2024-12-25 13:00:00,1.15e-06,1.15e-06,1.14e-06,1.14e-06,28645442827.0
2024-12-25 13:15:00,1.15e-06,1.15e-06,1.14e-06,1.15e-06,7793801434.0
2024-12-25 13:30:00,1.14e-06,1.15e-06,1.14e-06,1.15e-06,11428066973.0
2024-12-25 13:45:00,1.15e-06,1.15e-06,1.14e-06,1.14e-06,71891153287.0
2024-12-25 14:00:00,1.14e-06,1.15e-06,1.14e-06,1.15e-06,34479655066.0
2024-12-25 14:15:00,1.15e-06,1.15e-06,1.14e-06,1.15e-06,67935992919.0
2024-12-25 14:30:00,1.14e-06,1.16e-06,1.14e-06,1.16e-06,47127946763.0
2024-12-25 14:45:00,1.16e-06,1.16e-06,1.14e-06,1.15e-06,14838674520.0
2024-12-25 15:00:00,1.14e-06,1.15e-06,1.14e-06,1.15e-06,10300594489.0
2024-12-25 15:15:00,1.14e-06,1.15e-06,1.14e-06,1.15e-06,8708092209.0
2024-12-25 15:30:00,1.14e-06,1.15e-06,1.14e-06,1.14e-06,10234637703.0
2024-12-25 15:45:00,1.15e-06,1.15e-06,1.14e-06,1.14e-06,7614466814.0
2024-12-25 16:00:00,1.14e-06,1.15e-06,1.14e-06,1.15e-06,21507139904.0
2024-12-25 16:15:00,1.14e-06,1.15e-06,1.14e-06,1.15e-06,18951153304.0
2024-12-25 16:30:00,1.14e-06,1.15e-06,1.13e-06,1.14e-06,62088813267.0
2024-12-25 16:45:00,1.14e-06,1.14e-06,1.13e-06,1.14e-06,19168849002.0
2024-12-25 17:00:00,1.13e-06,1.14e-06,1.13e-06,1.13e-06,15034793600.0
2024-12-25 17:15:00,1.14e-06,1.14e-06,1.13e-06,1.13e-06,5239734500.0
2024-12-25 17:30:00,1.13e-06,1.14e-06,1.13e-06,1.14e-06,11232749189.0
2024-12-25 17:45:00,1.14e-06,1.14e-06,1.13e-06,1.14e-06,4802967964.0
2024-12-25 18:00:00,1.13e-06,1.14e-06,1.13e-06,1.13e-06,10540419839.0
2024-12-25 18:15:00,1.14e-06,1.14e-06,1.13e-06,1.13e-06,10418677599.0
2024-12-25 18:30:00,1.14e-06,1.14e-06,1.13e-06,1.14e-06,11084391209.0
2024-12-25 18:45:00,1.14e-06,1.14e-06,1.13e-06,1.14e-06,7532398298.0
2024-12-25 19:00:00,1.14e-06,1.14e-06,1.13e-06,1.13e-06,29832437409.0
2024-12-25 19:15:00,1.14e-06,1.15e-06,1.13e-06,1.15e-06,11557498025.0
2024-12-25 19:30:00,1.15e-06,1.15e-06,1.14e-06,1.15e-06,8389672614.0
2024-12-25 19:45:00,1.14e-06,1.15e-06,1.14e-06,1.14e-06,10473057655.0
2024-12-25 20:00:00,1.15e-06,1.15e-06,1.14e-06,1.15e-06,14983393097.0
2024-12-25 20:15:00,1.15e-06,1.15e-06,1.14e-06,1.15e-06,8551572597.0
2024-12-25 20:30:00,1.15e-06,1.15e-06,1.14e-06,1.14e-06,5066467860.0
2024-12-25 20:45:00,1.14e-06,1.15e-06,1.14e-06,1.14e-06,56340367452.0
2024-12-25 21:00:00,1.14e-06,1.15e-06,1.14e-06,1.15e-06,15634541243.0
2024-12-25 21:15:00,1.14e-06,1.15e-06,1.14e-06,1.14e-06,11078502331.0
2024-12-25 21:30:00,1.14e-06,1.15e-06,1.14e-06,1.15e-06,22478827886.0
2024-12-25 21:45:00,1.14e-06,1.15e-06,1.14e-06,1.15e-06,5656831622.0
2024-12-25 22:00:00,1.14e-06,1.15e-06,1.14e-06,1.14e-06,10517409980.0
2024-12-25 22:15:00,1.14e-06,1.15e-06,1.14e-06,1.15e-06,4234159419.0
2024-12-25 22:30:00,1.14e-06,1.15e-06,1.14e-06,1.14e-06,9295230363.0
2024-12-25 22:45:00,1.15e-06,1.15e-06,1.14e-06,1.15e-06,5614465665.0
2024-12-25 23:00:00,1.15e-06,1.15e-06,1.14e-06,1.14e-06,7844254654.0
2024-12-25 23:15:00,1.15e-06,1.15e-06,1.14e-06,1.15e-06,4332061452.0
2024-12-25 23:30:00,1.15e-06,1.15e-06,1.14e-06,1.15e-06,4340462235.0
2024-12-25 23:45:00,1.14e-06,1.15e-06,1.14e-06,1.15e-06,4289617597.0
2024-12-26 00:00:00,1.14e-06,1.16e-06,1.14e-06,1.16e-06,30199644180.0
2024-12-26 00:15:00,1.15e-06,1.16e-06,1.14e-06,1.14e-06,69780592397.0
2024-12-26 00:30:00,1.14e-06,1.15e-06,1.13e-06,1.14e-06,29468093410.0
2024-12-26 00:45:00,1.13e-06,1.14e-06,1.13e-06,1.14e-06,25218631333.0
2024-12-26 01:00:00,1.13e-06,1.14e-06,1.13e-06,1.14e-06,18721765214.0
2024-12-26 01:15:00,1.14e-06,1.14e-06,1.12e-06,1.13e-06,112500644538.0
2024-12-26 01:30:00,1.13e-06,1.14e-06,1.12e-06,1.12e-06,55572537597.0
2024-12-26 01:45:00,1.13e-06,1.14e-06,1.12e-06,1.13e-06,21030988324.0
2024-12-26 02:00:00,1.14e-06,1.14e-06,1.12e-06,1.12e-06,33510715925.0
2024-12-26 02:15:00,1.12e-06,1.14e-06,1.12e-06,1.12e-06,30650650379.0
2024-12-26 02:30:00,1.13e-06,1.15e-06,1.13e-06,1.13e-06,150968131432.0
2024-12-26 02:45:00,1.13e-06,1.14e-06,1.13e-06,1.13e-06,7305801799.0
2024-12-26 03:00:00,1.14e-06,1.14e-06,1.13e-06,1.13e-06,12016045083.0
2024-12-26 03:15:00,1.13e-06,1.14e-06,1.13e-06,1.13e-06,39196841597.0
2024-12-26 03:30:00,1.14e-06,1.14e-06,1.13e-06,1.13e-06,5692991717.0
2024-12-26 03:45:00,1.14e-06,1.14e-06,1.12e-06,1.13e-06,53069296114.0
2024-12-26 04:00:00,1.13e-06,1.13e-06,1.12e-06,1.13e-06,6625132326.0
2024-12-26 04:15:00,1.12e-06,1.13e-06,1.11e-06,1.12e-06,74480865958.0
2024-12-26 04:30:00,1.11e-06,1.12e-06,1.11e-06,1.12e-06,8738807638.0
2024-12-26 04:45:00,1.12e-06,1.12e-06,1.11e-06,1.11e-06,6937007108.0
2024-12-26 05:00:00,1.12e-06,1.12e-06,1.11e-06,1.12e-06,8417027680.0
2024-12-26 05:15:00,1.12e-06,1.12e-06,1.11e-06,1.12e-06,15621518827.0
2024-12-26 05:30:00,1.11e-06,1.13e-06,1.11e-06,1.11e-06,83847130104.0
2024-12-26 05:45:00,1.12e-06,1.13e-06,1.11e-06,1.12e-06,22574372317.0
2024-12-26 06:00:00,1.12e-06,1.13e-06,1.11e-06,1.13e-06,32425233704.0
2024-12-26 06:15:00,1.13e-06,1.13e-06,1.12e-06,1.12e-06,6320850916.0
2024-12-26 06:30:00,1.12e-06,1.13e-06,1.11e-06,1.12e-06,53498380052.0
2024-12-26 06:45:00,1.12e-06,1.12e-06,1.11e-06,1.11e-06,13423415915.0
2024-12-26 07:00:00,1.12e-06,1.12e-06,1.11e-06,1.11e-06,14269531873.0
2024-12-26 07:15:00,1.12e-06,1.12e-06,1.11e-06,1.12e-06,9060511018.0
2024-12-26 07:30:00,1.11e-06,1.12e-06,1.11e-06,1.11e-06,6985423665.0
2024-12-26 07:45:00,1.12e-06,1.13e-06,1.11e-06,1.12e-06,32585911146.0
2024-12-26 08:00:00,1.11e-06,1.12e-06,1.1e-06,1.11e-06,128320344937.0
2024-12-26 08:15:00,1.1e-06,1.11e-06,1.09e-06,1.1e-06,64429624195.0
2024-12-26 08:30:00,1.1e-06,1.1e-06,1.08e-06,1.1e-06,236068400727.0
2024-12-26 08:45:00,1.09e-06,1.1e-06,1.08e-06,1.1e-06,155230377290.0
2024-12-26 09:00:00,1.09e-06,1.1e-06,1.08e-06,1.1e-06,36075159920.0
2024-12-26 09:15:00,1.1e-06,1.1e-06,1.08e-06,1.09e-06,26952927167.0
2024-12-26 09:30:00,1.09e-06,1.1e-06,1.08e-06,1.1e-06,83617201626.0
2024-12-26 09:45:00,1.1e-06,1.1e-06,1.08e-06,1.09e-06,50056462637.0
2024-12-26 10:00:00,1.09e-06,1.09e-06,1.08e-06,1.08e-06,8287549333.0
2024-12-26 10:15:00,1.09e-06,1.09e-06,1.08e-06,1.09e-06,25364502341.0
2024-12-26 10:30:00,1.08e-06,1.09e-06,1.08e-06,1.09e-06,49423486421.0
2024-12-26 10:45:00,1.09e-06,1.09e-06,1.08e-06,1.08e-06,9756863551.0
2024-12-26 11:00:00,1.08e-06,1.09e-06,1.08e-06,1.09e-06,18925987802.0
2024-12-26 11:15:00,1.09e-06,1.09e-06,1.08e-06,1.09e-06,20873701392.0
2024-12-26 11:30:00,1.08e-06,1.1e-06,1.08e-06,1.1e-06,29152103419.0
2024-12-26 11:45:00,1.09e-06,1.1e-06,1.09e-06,1.1e-06,35867474881.0
2024-12-26 12:00:00,1.1e-06,1.1e-06,1.07e-06,1.08e-06,201764448061.0
2024-12-26 12:15:00,1.08e-06,1.08e-06,1.07e-06,1.07e-06,12753296954.0
2024-12-26 12:30:00,1.07e-06,1.08e-06,1.07e-06,1.07e-06,16124224892.0
2024-12-26 12:45:00,1.08e-06,1.08e-06,1.07e-06,1.07e-06,75350874414.0
2024-12-26 13:00:00,1.07e-06,1.08e-06,1.06e-06,1.08e-06,48037343663.0
2024-12-26 13:15:00,1.07e-06,1.08e-06,1.07e-06,1.08e-06,8590487357.0
2024-12-26 13:30:00,1.07e-06,1.08e-06,1.06e-06,1.07e-06,102525138201.0
2024-12-26 13:45:00,1.07e-06,1.08e-06,1.06e-06,1.08e-06,39169379966.0
2024-12-26 14:00:00,1.07e-06,1.09e-06,1.07e-06,1.08e-06,88669891270.0
2024-12-26 14:15:00,1.08e-06,1.09e-06,1.07e-06,1.08e-06,73133028827.0
2024-12-26 14:30:00,1.07e-06,1.09e-06,1.07e-06,1.07e-06,42888458175.0
2024-12-26 14:45:00,1.08e-06,1.08e-06,1.07e-06,1.08e-06,6666910056.0
2024-12-26 15:00:00,1.08e-06,1.08e-06,1.07e-06,1.08e-06,9689838951.0
2024-12-26 15:15:00,1.08e-06,1.09e-06,1.07e-06,1.08e-06,40000992605.0
2024-12-26 15:30:00,1.08e-06,1.09e-06,1.07e-06,1.07e-06,35047601634.0
2024-12-26 15:45:00,1.08e-06,1.08e-06,1.07e-06,1.08e-06,4997850624.0
2024-12-26 16:00:00,1.08e-06,1.09e-06,1.07e-06,1.08e-06,14984580421.0
2024-12-26 16:15:00,1.09e-06,1.09e-06,1.07e-06,1.08e-06,33609947812.0
2024-12-26 16:30:00,1.08e-06,1.08e-06,1.07e-06,1.08e-06,8875638390.0
2024-12-26 16:45:00,1.08e-06,1.09e-06,1.07e-06,1.08e-06,23628117463.0
2024-12-26 17:00:00,1.09e-06,1.09e-06,1.08e-06,1.08e-06,15096798085.0
2024-12-26 17:15:00,1.09e-06,1.09e-06,1.07e-06,1.07e-06,69629704276.0
2024-12-26 17:30:00,1.08e-06,1.08e-06,1.06e-06,1.08e-06,82581050517.0
2024-12-26 17:45:00,1.07e-06,1.08e-06,1.07e-06,1.07e-06,7022692545.0
2024-12-26 18:00:00,1.07e-06,1.08e-06,1.07e-06,1.08e-06,11525115384.0
2024-12-26 18:15:00,1.07e-06,1.08e-06,1.07e-06,1.08e-06,4706819687.0
2024-12-26 18:30:00,1.08e-06,1.08e-06,1.07e-06,1.07e-06,4322369142.0
2024-12-26 18:45:00,1.08e-06,1.08e-06,1.07e-06,1.07e-06,6092085475.0
2024-12-26 19:00:00,1.08e-06,1.08e-06,1.07e-06,1.07e-06,5619138828.0
2024-12-26 19:15:00,1.08e-06,1.08e-06,1.07e-06,1.08e-06,5655645350.0
2024-12-26 19:30:00,1.08e-06,1.08e-06,1.06e-06,1.07e-06,43337883978.0
2024-12-26 19:45:00,1.07e-06,1.08e-06,1.07e-06,1.07e-06,7939163826.0
2024-12-26 20:00:00,1.08e-06,1.08e-06,1.07e-06,1.08e-06,8446751543.0
2024-12-26 20:15:00,1.07e-06,1.08e-06,1.07e-06,1.08e-06,23373579708.0
2024-12-26 20:30:00,1.08e-06,1.08e-06,1.07e-06,1.07e-06,4071751646.0
2024-12-26 20:45:00,1.08e-06,1.08e-06,1.06e-06,1.07e-06,40862347688.0
2024-12-26 21:00:00,1.07e-06,1.08e-06,1.06e-06,1.06e-06,15057918757.0
2024-12-26 21:15:00,1.07e-06,1.08e-06,1.06e-06,1.08e-06,23093101626.0
2024-12-26 21:30:00,1.07e-06,1.08e-06,1.07e-06,1.08e-06,13138126146.0
2024-12-26 21:45:00,1.07e-06,1.08e-06,1.07e-06,1.07e-06,1847371161.0
2024-12-26 22:00:00,1.08e-06,1.08e-06,1.07e-06,1.08e-06,32265463663.0
2024-12-26 22:15:00,1.08e-06,1.08e-06,1.07e-06,1.08e-06,4560711200.0
2024-12-26 22:30:00,1.08e-06,1.08e-06,1.07e-06,1.08e-06,5713150406.0
2024-12-26 22:45:00,1.08e-06,1.08e-06,1.07e-06,1.07e-06,1863668131.0
2024-12-26 23:00:00,1.08e-06,1.08e-06,1.07e-06,1.08e-06,4207778692.0
2024-12-26 23:15:00,1.07e-06,1.08e-06,1.07e-06,1.08e-06,4868934305.0
2024-12-26 23:30:00,1.07e-06,1.08e-06,1.07e-06,1.08e-06,6512222247.0
2024-12-26 23:45:00,1.08e-06,1.08e-06,1.07e-06,1.07e-06,108265197096.0
2024-12-27 00:00:00,1.07e-06,1.1e-06,1.07e-06,1.1e-06,162991264238.0
2024-12-27 00:15:00,1.09e-06,1.12e-06,1.08e-06,1.1e-06,626535630904.0
2024-12-27 00:30:00,1.09e-06,1.11e-06,1.09e-06,1.1e-06,82383059277.0
2024-12-27 00:45:00,1.1e-06,1.11e-06,1.09e-06,1.11e-06,53496228659.0
2024-12-27 01:00:00,1.11e-06,1.11e-06,1.1e-06,1.1e-06,83349546512.0
2024-12-27 01:15:00,1.1e-06,1.11e-06,1.09e-06,1.09e-06,46836898209.0
2024-12-27 01:30:00,1.1e-06,1.11e-06,1.09e-06,1.1e-06,63254517459.0
2024-12-27 01:45:00,1.09e-06,1.1e-06,1.09e-06,1.1e-06,19150893582.0
2024-12-27 02:00:00,1.1e-06,1.1e-06,1.09e-06,1.1e-06,17144545122.0
2024-12-27 02:15:00,1.1e-06,1.1e-06,1.09e-06,1.09e-06,26815169760.0
2024-12-27 02:30:00,1.09e-06,1.1e-06,1.08e-06,1.09e-06,72845240917.0
2024-12-27 02:45:00,1.09e-06,1.09e-06,1.07e-06,1.09e-06,80693759140.0
2024-12-27 03:00:00,1.08e-06,1.09e-06,1.08e-06,1.09e-06,6653675142.0
2024-12-27 03:15:00,1.09e-06,1.09e-06,1.08e-06,1.09e-06,3341150602.0
2024-12-27 03:30:00,1.08e-06,1.09e-06,1.08e-06,1.09e-06,13724199462.0
2024-12-27 03:45:00,1.09e-06,1.09e-06,1.08e-06,1.08e-06,11416998599.0
2024-12-27 04:00:00,1.09e-06,1.09e-06,1.08e-06,1.08e-06,19909638066.0
2024-12-27 04:15:00,1.09e-06,1.1e-06,1.08e-06,1.09e-06,19064615679.0
2024-12-27 04:30:00,1.09e-06,1.1e-06,1.08e-06,1.09e-06,29538459564.0
2024-12-27 04:45:00,1.09e-06,1.09e-06,1.08e-06,1.08e-06,6943183649.0
2024-12-27 05:00:00,1.08e-06,1.09e-06,1.08e-06,1.09e-06,7113761694.0
2024-12-27 05:15:00,1.08e-06,1.09e-06,1.08e-06,1.09e-06,6787099259.0
2024-12-27 05:30:00,1.08e-06,1.09e-06,1.08e-06,1.09e-06,10329901679.0
2024-12-27 05:45:00,1.08e-06,1.09e-06,1.08e-06,1.09e-06,7350096898.0
2024-12-27 06:00:00,1.09e-06,1.1e-06,1.08e-06,1.09e-06,76562394701.0
2024-12-27 06:15:00,1.09e-06,1.1e-06,1.08e-06,1.09e-06,21497407303.0
2024-12-27 06:30:00,1.1e-06,1.1e-06,1.09e-06,1.09e-06,7316848882.0
2024-12-27 06:45:00,1.09e-06,1.1e-06,1.09e-06,1.1e-06,10688870016.0
2024-12-27 07:00:00,1.1e-06,1.1e-06,1.09e-06,1.1e-06,49344456868.0
2024-12-27 07:15:00,1.1e-06,1.1e-06,1.08e-06,1.09e-06,97407183282.0
2024-12-27 07:30:00,1.09e-06,1.09e-06,1.07e-06,1.08e-06,33955369509.0
2024-12-27 07:45:00,1.08e-06,1.09e-06,1.07e-06,1.09e-06,147792829924.0
2024-12-27 08:00:00,1.09e-06,1.09e-06,1.08e-06,1.09e-06,20009426121.0
2024-12-27 08:15:00,1.08e-06,1.1e-06,1.08e-06,1.09e-06,61462625328.0
2024-12-27 08:30:00,1.1e-06,1.1e-06,1.09e-06,1.1e-06,10740475503.0
2024-12-27 08:45:00,1.1e-06,1.1e-06,1.08e-06,1.09e-06,33070368689.0
2024-12-27 09:00:00,1.09e-06,1.11e-06,1.08e-06,1.1e-06,90096828993.0
2024-12-27 09:15:00,1.11e-06,1.11e-06,1.1e-06,1.11e-06,16695832649.0
2024-12-27 09:30:00,1.1e-06,1.11e-06,1.1e-06,1.11e-06,18319405014.0
2024-12-27 09:45:00,1.1e-06,1.11e-06,1.1e-06,1.11e-06,31259284547.0
2024-12-27 10:00:00,1.11e-06,1.11e-06,1.1e-06,1.11e-06,21213319697.0
2024-12-27 10:15:00,1.11e-06,1.11e-06,1.09e-06,1.09e-06,60294017082.0
2024-12-27 10:30:00,1.09e-06,1.1e-06,1.09e-06,1.1e-06,12078001736.0
2024-12-27 10:45:00,1.09e-06,1.1e-06,1.09e-06,1.09e-06,7385678344.0
2024-12-27 11:00:00,1.1e-06,1.11e-06,1.09e-06,1.1e-06,112048957903.0
2024-12-27 11:15:00,1.11e-06,1.11e-06,1.1e-06,1.1e-06,20694173900.0
2024-12-27 11:30:00,1.11e-06,1.11e-06,1.1e-06,1.11e-06,17049111925.0
2024-12-27 11:45:00,1.11e-06,1.11e-06,1.1e-06,1.11e-06,31955697483.0
2024-12-27 12:00:00,1.11e-06,1.11e-06,1.1e-06,1.1e-06,8867316978.0
2024-12-27 12:15:00,1.1e-06,1.11e-06,1.1e-06,1.1e-06,13271686057.0
2024-12-27 12:30:00,1.11e-06,1.12e-06,1.1e-06,1.12e-06,27825462159.0
2024-12-27 12:45:00,1.12e-06,1.12e-06,1.1e-06,1.1e-06,19947354558.0
2024-12-27 13:00:00,1.11e-06,1.11e-06,1.1e-06,1.1e-06,31382843970.0
2024-12-27 13:15:00,1.1e-06,1.11e-06,1.1e-06,1.11e-06,7649709212.0
2024-12-27 13:30:00,1.1e-06,1.11e-06,1.1e-06,1.11e-06,8071468248.0
2024-12-27 13:45:00,1.1e-06,1.11e-06,1.09e-06,1.09e-06,29346315167.0
2024-12-27 14:00:00,1.09e-06,1.1e-06,1.09e-06,1.09e-06,18609473752.0
2024-12-27 14:15:00,1.09e-06,1.1e-06,1.09e-06,1.09e-06,8546202213.0
2024-12-27 14:30:00,1.1e-06,1.1e-06,1.08e-06,1.09e-06,64116610110.0
2024-12-27 14:45:00,1.09e-06,1.1e-06,1.08e-06,1.1e-06,42756188971.0
2024-12-27 15:00:00,1.09e-06,1.1e-06,1.08e-06,1.09e-06,38115199698.0
2024-12-27 15:15:00,1.09e-06,1.09e-06,1.08e-06,1.08e-06,33668441852.0
2024-12-27 15:30:00,1.09e-06,1.09e-06,1.08e-06,1.08e-06,14412828633.0
2024-12-27 15:45:00,1.09e-06,1.09e-06,1.08e-06,1.09e-06,6794865019.0
2024-12-27 16:00:00,1.09e-06,1.09e-06,1.08e-06,1.09e-06,12428368327.0
2024-12-27 16:15:00,1.08e-06,1.09e-06,1.08e-06,1.09e-06,12144060072.0
2024-12-27 16:30:00,1.09e-06,1.09e-06,1.08e-06,1.09e-06,7215681681.0
2024-12-27 16:45:00,1.09e-06,1.09e-06,1.08e-06,1.09e-06,10556643382.0
2024-12-27 17:00:00,1.09e-06,1.09e-06,1.08e-06,1.08e-06,6560500252.0
2024-12-27 17:15:00,1.09e-06,1.09e-06,1.08e-06,1.09e-06,13533298132.0
2024-12-27 17:30:00,1.09e-06,1.1e-06,1.08e-06,1.09e-06,72798706733.0
2024-12-27 17:45:00,1.1e-06,1.1e-06,1.09e-06,1.1e-06,19302002374.0
2024-12-27 18:00:00,1.09e-06,1.1e-06,1.09e-06,1.1e-06,9794807126.0
2024-12-27 18:15:00,1.1e-06,1.1e-06,1.09e-06,1.09e-06,10368261794.0
2024-12-27 18:30:00,1.09e-06,1.1e-06,1.09e-06,1.1e-06,9470355061.0
2024-12-27 18:45:00,1.1e-06,1.1e-06,1.09e-06,1.1e-06,5826814216.0
2024-12-27 19:00:00,1.09e-06,1.1e-06,1.09e-06,1.1e-06,9121957204.0
2024-12-27 19:15:00,1.1e-06,1.1e-06,1.09e-06,1.1e-06,27132207349.0
2024-12-27 19:30:00,1.09e-06,1.1e-06,1.09e-06,1.09e-06,7449422261.0
2024-12-27 19:45:00,1.09e-06,1.1e-06,1.09e-06,1.09e-06,6024087654.0
2024-12-27 20:00:00,1.1e-06,1.1e-06,1.09e-06,1.09e-06,6284395320.0
2024-12-27 20:15:00,1.1e-06,1.1e-06,1.09e-06,1.1e-06,6620742453.0
2024-12-27 20:30:00,1.09e-06,1.1e-06,1.09e-06,1.1e-06,5906933738.0
2024-12-27 20:45:00,1.09e-06,1.1e-06,1.09e-06,1.1e-06,11976644352.0
2024-12-27 21:00:00,1.09e-06,1.1e-06,1.09e-06,1.09e-06,4425863418.0
2024-12-27 21:15:00,1.09e-06,1.1e-06,1.09e-06,1.09e-06,5241187752.0
2024-12-27 21:30:00,1.1e-06,1.1e-06,1.08e-06,1.08e-06,18806581371.0
2024-12-27 21:45:00,1.08e-06,1.09e-06,1.08e-06,1.08e-06,15400842083.0
2024-12-27 22:00:00,1.09e-06,1.09e-06,1.08e-06,1.09e-06,15082269643.0
2024-12-27 22:15:00,1.09e-06,1.09e-06,1.08e-06,1.09e-06,12254276169.0
2024-12-27 22:30:00,1.08e-06,1.09e-06,1.08e-06,1.08e-06,8159467955.0
2024-12-27 22:45:00,1.09e-06,1.09e-06,1.08e-06,1.08e-06,13405071818.0
2024-12-27 23:00:00,1.09e-06,1.09e-06,1.08e-06,1.09e-06,18727585513.0
2024-12-27 23:15:00,1.08e-06,1.09e-06,1.08e-06,1.08e-06,21509404268.0
2024-12-27 23:30:00,1.08e-06,1.09e-06,1.08e-06,1.09e-06,10799588921.0
2024-12-27 23:45:00,1.08e-06,1.1e-06,1.08e-06,1.09e-06,40183028335.0
2024-12-28 00:00:00,1.09e-06,1.1e-06,1.09e-06,1.09e-06,12286040702.0
2024-12-28 00:15:00,1.1e-06,1.11e-06,1.09e-06,1.09e-06,82543146080.0
2024-12-28 00:30:00,1.09e-06,1.1e-06,1.09e-06,1.09e-06,16791793986.0
2024-12-28 00:45:00,1.1e-06,1.1e-06,1.09e-06,1.1e-06,4104356782.0
2024-12-28 01:00:00,1.09e-06,1.1e-06,1.09e-06,1.09e-06,4727155794.0
2024-12-28 01:15:00,1.1e-06,1.1e-06,1.08e-06,1.09e-06,63981356873.0
2024-12-28 01:30:00,1.08e-06,1.1e-06,1.08e-06,1.09e-06,39929593840.0
2024-12-28 01:45:00,1.09e-06,1.1e-06,1.08e-06,1.08e-06,22899162453.0
2024-12-28 02:00:00,1.09e-06,1.1e-06,1.08e-06,1.09e-06,23504948474.0
2024-12-28 02:15:00,1.1e-06,1.1e-06,1.09e-06,1.1e-06,5997053055.0
2024-12-28 02:30:00,1.09e-06,1.1e-06,1.09e-06,1.1e-06,8249798034.0
2024-12-28 02:45:00,1.1e-06,1.1e-06,1.09e-06,1.1e-06,7706856946.0
2024-12-28 03:00:00,1.1e-06,1.1e-06,1.09e-06,1.09e-06,8813420053.0
2024-12-28 03:15:00,1.1e-06,1.1e-06,1.09e-06,1.1e-06,3634754371.0
2024-12-28 03:30:00,1.1e-06,1.1e-06,1.09e-06,1.1e-06,3888954771.0
2024-12-28 03:45:00,1.1e-06,1.1e-06,1.09e-06,1.1e-06,3894013604.0
2024-12-28 04:00:00,1.09e-06,1.1e-06,1.09e-06,1.1e-06,3987472334.0
2024-12-28 04:15:00,1.09e-06,1.1e-06,1.09e-06,1.1e-06,7024488169.0
2024-12-28 04:30:00,1.09e-06,1.1e-06,1.09e-06,1.1e-06,4877598122.0
2024-12-28 04:45:00,1.09e-06,1.1e-06,1.09e-06,1.1e-06,9559636614.0
2024-12-28 05:00:00,1.1e-06,1.1e-06,1.09e-06,1.1e-06,4404828792.0
2024-12-28 05:15:00,1.1e-06,1.1e-06,1.09e-06,1.1e-06,2244272558.0
2024-12-28 05:30:00,1.1e-06,1.1e-06,1.09e-06,1.09e-06,7350648709.0
2024-12-28 05:45:00,1.09e-06,1.1e-06,1.09e-06,1.09e-06,4086130005.0
2024-12-28 06:00:00,1.1e-06,1.1e-06,1.09e-06,1.1e-06,6482695251.0
2024-12-28 06:15:00,1.09e-06,1.1e-06,1.09e-06,1.1e-06,5022819228.0
2024-12-28 06:30:00,1.09e-06,1.1e-06,1.09e-06,1.09e-06,2918176456.0
2024-12-28 06:45:00,1.1e-06,1.1e-06,1.08e-06,1.09e-06,63652668203.0
2024-12-28 07:00:00,1.09e-06,1.09e-06,1.08e-06,1.09e-06,11077598473.0
2024-12-28 07:15:00,1.09e-06,1.09e-06,1.08e-06,1.09e-06,9267311461.0
2024-12-28 07:30:00,1.09e-06,1.09e-06,1.08e-06,1.09e-06,8872264926.0
2024-12-28 07:45:00,1.09e-06,1.09e-06,1.08e-06,1.09e-06,11872219082.0
2024-12-28 08:00:00,1.08e-06,1.09e-06,1.08e-06,1.09e-06,4764697862.0
2024-12-28 08:15:00,1.08e-06,1.09e-06,1.08e-06,1.09e-06,23157569906.0
2024-12-28 08:30:00,1.09e-06,1.09e-06,1.08e-06,1.09e-06,6339475940.0
2024-12-28 08:45:00,1.08e-06,1.09e-06,1.08e-06,1.09e-06,4301055857.0
2024-12-28 09:00:00,1.09e-06,1.09e-06,1.08e-06,1.09e-06,7837510590.0
2024-12-28 09:15:00,1.09e-06,1.1e-06,1.08e-06,1.09e-06,73594850267.0
2024-12-28 09:30:00,1.1e-06,1.1e-06,1.09e-06,1.09e-06,20384835551.0
2024-12-28 09:45:00,1.1e-06,1.1e-06,1.08e-06,1.09e-06,46774706010.0
2024-12-28 10:00:00,1.08e-06,1.09e-06,1.08e-06,1.09e-06,6857394017.0
2024-12-28 10:15:00,1.09e-06,1.09e-06,1.08e-06,1.09e-06,5596881596.0
2024-12-28 10:30:00,1.09e-06,1.09e-06,1.08e-06,1.08e-06,5747859111.0
2024-12-28 10:45:00,1.09e-06,1.09e-06,1.08e-06,1.09e-06,10388105675.0
2024-12-28 11:00:00,1.09e-06,1.09e-06,1.08e-06,1.09e-06,9094557368.0
2024-12-28 11:15:00,1.09e-06,1.09e-06,1.08e-06,1.09e-06,12634895201.0
2024-12-28 11:30:00,1.09e-06,1.09e-06,1.08e-06,1.09e-06,9722495498.0
2024-12-28 11:45:00,1.08e-06,1.1e-06,1.08e-06,1.09e-06,77395423811.0
2024-12-28 12:00:00,1.09e-06,1.1e-06,1.09e-06,1.09e-06,16462467893.0
2024-12-28 12:15:00,1.1e-06,1.1e-06,1.08e-06,1.09e-06,36351747004.0
2024-12-28 12:30:00,1.09e-06,1.09e-06,1.08e-06,1.09e-06,17279647009.0
2024-12-28 12:45:00,1.09e-06,1.09e-06,1.08e-06,1.08e-06,8378304812.0
2024-12-28 13:00:00,1.08e-06,1.1e-06,1.08e-06,1.1e-06,15413088377.0
2024-12-28 13:15:00,1.09e-06,1.1e-06,1.09e-06,1.09e-06,8312582630.0
2024-12-28 13:30:00,1.1e-06,1.1e-06,1.09e-06,1.1e-06,12229719662.0
2024-12-28 13:45:00,1.1e-06,1.1e-06,1.09e-06,1.1e-06,10572522732.0
2024-12-28 14:00:00,1.1e-06,1.11e-06,1.09e-06,1.11e-06,139724826800.0
2024-12-28 14:15:00,1.11e-06,1.11e-06,1.1e-06,1.11e-06,9407827511.0
2024-12-28 14:30:00,1.11e-06,1.11e-06,1.09e-06,1.09e-06,75648360312.0
2024-12-28 14:45:00,1.1e-06,1.1e-06,1.09e-06,1.1e-06,12137455889.0
2024-12-28 15:00:00,1.1e-06,1.1e-06,1.09e-06,1.1e-06,17637743926.0
2024-12-28 15:15:00,1.1e-06,1.11e-06,1.09e-06,1.11e-06,36837451540.0
2024-12-28 15:30:00,1.1e-06,1.11e-06,1.1e-06,1.1e-06,21365277206.0
2024-12-28 15:45:00,1.1e-06,1.11e-06,1.09e-06,1.09e-06,22941798640.0
2024-12-28 16:00:00,1.1e-06,1.1e-06,1.09e-06,1.09e-06,11656352457.0
2024-12-28 16:15:00,1.1e-06,1.1e-06,1.09e-06,1.1e-06,14988618804.0
2024-12-28 16:30:00,1.09e-06,1.1e-06,1.09e-06,1.1e-06,19044348721.0
2024-12-28 16:45:00,1.1e-06,1.11e-06,1.09e-06,1.11e-06,21181033821.0
2024-12-28 17:00:00,1.11e-06,1.11e-06,1.1e-06,1.11e-06,8691652640.0
2024-12-28 17:15:00,1.1e-06,1.11e-06,1.1e-06,1.11e-06,30326844824.0
2024-12-28 17:30:00,1.11e-06,1.11e-06,1.1e-06,1.11e-06,17434169623.0
2024-12-28 17:45:00,1.11e-06,1.11e-06,1.1e-06,1.1e-06,14648287342.0
2024-12-28 18:00:00,1.1e-06,1.11e-06,1.1e-06,1.11e-06,9355144496.0
2024-12-28 18:15:00,1.1e-06,1.11e-06,1.1e-06,1.11e-06,13897259574.0
2024-12-28 18:30:00,1.1e-06,1.11e-06,1.1e-06,1.11e-06,37612350952.0
2024-12-28 18:45:00,1.1e-06,1.11e-06,1.1e-06,1.1e-06,16312062873.0
2024-12-28 19:00:00,1.1e-06,1.11e-06,1.1e-06,1.1e-06,20477261454.0
2024-12-28 19:15:00,1.11e-06,1.11e-06,1.1e-06,1.11e-06,5440858950.0
2024-12-28 19:30:00,1.1e-06,1.11e-06,1.1e-06,1.1e-06,18635273052.0
2024-12-28 19:45:00,1.11e-06,1.11e-06,1.1e-06,1.11e-06,26555480638.0
2024-12-28 20:00:00,1.1e-06,1.11e-06,1.1e-06,1.11e-06,10861313101.0
2024-12-28 20:15:00,1.1e-06,1.11e-06,1.1e-06,1.11e-06,6232462104.0
2024-12-28 20:30:00,1.1e-06,1.11e-06,1.09e-06,1.1e-06,57751932566.0
2024-12-28 20:45:00,1.09e-06,1.1e-06,1.09e-06,1.09e-06,7841140592.0
2024-12-28 21:00:00,1.1e-06,1.11e-06,1.09e-06,1.1e-06,12902689860.0
2024-12-28 21:15:00,1.1e-06,1.11e-06,1.1e-06,1.1e-06,8383216805.0
2024-12-28 21:30:00,1.11e-06,1.11e-06,1.1e-06,1.11e-06,9478741827.0
2024-12-28 21:45:00,1.11e-06,1.11e-06,1.1e-06,1.1e-06,9265233847.0
2024-12-28 22:00:00,1.1e-06,1.11e-06,1.1e-06,1.11e-06,12587494397.0
2024-12-28 22:15:00,1.1e-06,1.11e-06,1.1e-06,1.1e-06,13534949023.0
2024-12-28 22:30:00,1.11e-06,1.11e-06,1.1e-06,1.1e-06,9066834566.0
2024-12-28 22:45:00,1.11e-06,1.11e-06,1.1e-06,1.11e-06,5566823884.0
2024-12-28 23:00:00,1.11e-06,1.11e-06,1.1e-06,1.11e-06,12676529547.0
2024-12-28 23:15:00,1.11e-06,1.11e-06,1.1e-06,1.11e-06,10319497007.0
2024-12-28 23:30:00,1.1e-06,1.11e-06,1.1e-06,1.1e-06,4371865493.0
2024-12-28 23:45:00,1.1e-06,1.12e-06,1.1e-06,1.11e-06,53296268277.0
2024-12-29 00:00:00,1.12e-06,1.12e-06,1.1e-06,1.11e-06,32981620388.0
2024-12-29 00:15:00,1.11e-06,1.11e-06,1.1e-06,1.1e-06,17373286628.0
2024-12-29 00:30:00,1.11e-06,1.11e-06,1.1e-06,1.1e-06,6515381557.0
2024-12-29 00:45:00,1.1e-06,1.11e-06,1.1e-06,1.11e-06,7344828186.0
2024-12-29 01:00:00,1.11e-06,1.11e-06,1.1e-06,1.11e-06,6628359403.0
2024-12-29 01:15:00,1.1e-06,1.11e-06,1.1e-06,1.11e-06,5251043093.0
2024-12-29 01:30:00,1.1e-06,1.11e-06,1.09e-06,1.1e-06,76242129234.0
2024-12-29 01:45:00,1.1e-06,1.1e-06,1.09e-06,1.1e-06,32084887642.0
2024-12-29 02:00:00,1.1e-06,1.1e-06,1.09e-06,1.1e-06,3842359404.0
2024-12-29 02:15:00,1.1e-06,1.1e-06,1.09e-06,1.1e-06,11578927665.0
2024-12-29 02:30:00,1.09e-06,1.1e-06,1.09e-06,1.1e-06,3466016692.0
2024-12-29 02:45:00,1.1e-06,1.1e-06,1.09e-06,1.1e-06,11859844726.0
2024-12-29 03:00:00,1.09e-06,1.1e-06,1.09e-06,1.09e-06,12113808289.0
2024-12-29 03:15:00,1.1e-06,1.1e-06,1.09e-06,1.09e-06,7567665387.0
2024-12-29 03:30:00,1.1e-06,1.11e-06,1.09e-06,1.11e-06,57436937863.0
2024-12-29 03:45:00,1.11e-06,1.11e-06,1.1e-06,1.1e-06,4622171837.0
2024-12-29 04:00:00,1.11e-06,1.11e-06,1.1e-06,1.1e-06,10155238720.0
2024-12-29 04:15:00,1.11e-06,1.11e-06,1.1e-06,1.1e-06,3284239996.0
2024-12-29 04:30:00,1.1e-06,1.11e-06,1.1e-06,1.11e-06,16094497682.0
2024-12-29 04:45:00,1.11e-06,1.11e-06,1.1e-06,1.1e-06,8303460436.0
2024-12-29 05:00:00,1.11e-06,1.11e-06,1.1e-06,1.11e-06,2834768645.0
2024-12-29 05:15:00,1.1e-06,1.11e-06,1.1e-06,1.11e-06,7418775442.0
2024-12-29 05:30:00,1.11e-06,1.11e-06,1.1e-06,1.11e-06,4254735557.0
2024-12-29 05:45:00,1.11e-06,1.11e-06,1.1e-06,1.1e-06,8943371364.0
2024-12-29 06:00:00,1.1e-06,1.11e-06,1.1e-06,1.1e-06,9995819975.0
2024-12-29 06:15:00,1.1e-06,1.11e-06,1.1e-06,1.11e-06,39239556408.0
2024-12-29 06:30:00,1.11e-06,1.11e-06,1.1e-06,1.11e-06,6364978304.0
2024-12-29 06:45:00,1.1e-06,1.11e-06,1.1e-06,1.11e-06,8482064216.0
2024-12-29 07:00:00,1.1e-06,1.11e-06,1.1e-06,1.1e-06,5409318573.0
2024-12-29 07:15:00,1.11e-06,1.11e-06,1.1e-06,1.11e-06,9294260682.0
2024-12-29 07:30:00,1.11e-06,1.11e-06,1.1e-06,1.11e-06,7335873904.0
2024-12-29 07:45:00,1.11e-06,1.11e-06,1.1e-06,1.11e-06,3236355492.0
2024-12-29 08:00:00,1.11e-06,1.11e-06,1.1e-06,1.1e-06,9828028474.0
2024-12-29 08:15:00,1.11e-06,1.11e-06,1.1e-06,1.11e-06,12754170053.0
2024-12-29 08:30:00,1.11e-06,1.11e-06,1.1e-06,1.11e-06,8491712368.0
2024-12-29 08:45:00,1.1e-06,1.11e-06,1.1e-06,1.1e-06,10739742819.0
2024-12-29 09:00:00,1.1e-06,1.11e-06,1.1e-06,1.1e-06,6983074588.0
2024-12-29 09:15:00,1.1e-06,1.11e-06,1.1e-06,1.11e-06,4862173996.0
2024-12-29 09:30:00,1.11e-06,1.11e-06,1.1e-06,1.11e-06,5126794977.0
2024-12-29 09:45:00,1.1e-06,1.11e-06,1.1e-06,1.1e-06,15525809906.0
2024-12-29 10:00:00,1.1e-06,1.11e-06,1.1e-06,1.1e-06,8843633837.0
2024-12-29 10:15:00,1.1e-06,1.11e-06,1.1e-06,1.11e-06,11750516659.0
2024-12-29 10:30:00,1.1e-06,1.11e-06,1.1e-06,1.1e-06,5415493856.0
2024-12-29 10:45:00,1.1e-06,1.11e-06,1.1e-06,1.1e-06,22199786420.0
2024-12-29 11:00:00,1.1e-06,1.11e-06,1.09e-06,1.09e-06,66830408185.0
2024-12-29 11:15:00,1.09e-06,1.11e-06,1.09e-06,1.1e-06,40807117779.0
2024-12-29 11:30:00,1.1e-06,1.11e-06,1.09e-06,1.09e-06,34093222046.0
2024-12-29 11:45:00,1.09e-06,1.11e-06,1.09e-06,1.1e-06,46983443215.0
2024-12-29 12:00:00,1.09e-06,1.1e-06,1.09e-06,1.1e-06,7400459359.0
2024-12-29 12:15:00,1.1e-06,1.1e-06,1.09e-06,1.09e-06,28475348552.0
2024-12-29 12:30:00,1.1e-06,1.1e-06,1.09e-06,1.09e-06,7421098685.0
2024-12-29 12:45:00,1.09e-06,1.1e-06,1.09e-06,1.1e-06,12811574141.0
2024-12-29 13:00:00,1.1e-06,1.1e-06,1.09e-06,1.09e-06,7806203257.0
2024-12-29 13:15:00,1.09e-06,1.1e-06,1.09e-06,1.1e-06,5505685950.0
2024-12-29 13:30:00,1.09e-06,1.1e-06,1.09e-06,1.1e-06,7937317762.0
2024-12-29 13:45:00,1.1e-06,1.1e-06,1.09e-06,1.1e-06,7445033885.0
2024-12-29 14:00:00,1.1e-06,1.11e-06,1.09e-06,1.1e-06,25647647924.0
2024-12-29 14:15:00,1.11e-06,1.11e-06,1.09e-06,1.1e-06,35079100078.0
2024-12-29 14:30:00,1.09e-06,1.1e-06,1.09e-06,1.09e-06,16019041245.0
2024-12-29 14:45:00,1.09e-06,1.1e-06,1.09e-06,1.1e-06,9100151891.0
2024-12-29 15:00:00,1.09e-06,1.1e-06,1.09e-06,1.09e-06,4405702596.0
2024-12-29 15:15:00,1.09e-06,1.1e-06,1.09e-06,1.1e-06,9783213514.0
2024-12-29 15:30:00,1.09e-06,1.1e-06,1.09e-06,1.1e-06,13129318152.0
2024-12-29 15:45:00,1.1e-06,1.1e-06,1.09e-06,1.09e-06,5762041417.0
2024-12-29 16:00:00,1.1e-06,1.1e-06,1.09e-06,1.09e-06,13506304935.0
2024-12-29 16:15:00,1.1e-06,1.1e-06,1.08e-06,1.08e-06,74707935594.0
2024-12-29 16:30:00,1.08e-06,1.09e-06,1.08e-06,1.08e-06,10653553603.0
2024-12-29 16:45:00,1.08e-06,1.09e-06,1.08e-06,1.09e-06,14273052201.0
2024-12-29 17:00:00,1.08e-06,1.09e-06,1.08e-06,1.08e-06,29828359098.0
2024-12-29 17:15:00,1.09e-06,1.09e-06,1.08e-06,1.09e-06,8004670633.0
2024-12-29 17:30:00,1.08e-06,1.09e-06,1.08e-06,1.08e-06,5338688764.0
2024-12-29 17:45:00,1.08e-06,1.09e-06,1.08e-06,1.08e-06,8306314405.0
2024-12-29 18:00:00,1.09e-06,1.09e-06,1.08e-06,1.09e-06,9691976166.0
2024-12-29 18:15:00,1.09e-06,1.09e-06,1.08e-06,1.09e-06,13616692375.0
2024-12-29 18:30:00,1.08e-06,1.09e-06,1.08e-06,1.08e-06,5582173824.0
2024-12-29 18:45:00,1.08e-06,1.09e-06,1.08e-06,1.09e-06,5307824531.0
2024-12-29 19:00:00,1.09e-06,1.09e-06,1.08e-06,1.08e-06,5651225178.0
2024-12-29 19:15:00,1.08e-06,1.09e-06,1.08e-06,1.08e-06,6058950563.0
2024-12-29 19:30:00,1.09e-06,1.09e-06,1.08e-06,1.08e-06,4030039513.0
2024-12-29 19:45:00,1.08e-06,1.09e-06,1.08e-06,1.08e-06,5937148929.0
2024-12-29 20:00:00,1.08e-06,1.09e-06,1.08e-06,1.08e-06,8263782831.0
2024-12-29 20:15:00,1.09e-06,1.09e-06,1.08e-06,1.09e-06,6337984659.0
2024-12-29 20:30:00,1.08e-06,1.09e-06,1.08e-06,1.09e-06,7320758534.0
2024-12-29 20:45:00,1.08e-06,1.09e-06,1.08e-06,1.09e-06,10176530122.0
2024-12-29 21:00:00,1.08e-06,1.09e-06,1.08e-06,1.08e-06,7855315308.0
2024-12-29 21:15:00,1.09e-06,1.09e-06,1.08e-06,1.08e-06,6561089234.0
2024-12-29 21:30:00,1.09e-06,1.09e-06,1.08e-06,1.08e-06,12794781689.0
2024-12-29 21:45:00,1.08e-06,1.09e-06,1.08e-06,1.09e-06,14826505479.0
2024-12-29 22:00:00,1.08e-06,1.09e-06,1.08e-06,1.08e-06,11218944102.0
2024-12-29 22:15:00,1.09e-06,1.09e-06,1.07e-06,1.08e-06,56513847726.0
2024-12-29 22:30:00,1.07e-06,1.08e-06,1.07e-06,1.08e-06,8605332076.0
2024-12-29 22:45:00,1.07e-06,1.08e-06,1.07e-06,1.08e-06,11982069888.0
2024-12-29 23:00:00,1.07e-06,1.08e-06,1.07e-06,1.07e-06,10358124551.0
2024-12-29 23:15:00,1.07e-06,1.08e-06,1.07e-06,1.07e-06,5879157300.0
2024-12-29 23:30:00,1.07e-06,1.08e-06,1.07e-06,1.08e-06,8636696192.0
2024-12-29 23:45:00,1.08e-06,1.08e-06,1.07e-06,1.08e-06,7073928438.0
2024-12-30 00:00:00,1.08e-06,1.1e-06,1.07e-06,1.08e-06,276962100682.0
2024-12-30 00:15:00,1.08e-06,1.09e-06,1.07e-06,1.09e-06,29034303140.0
2024-12-30 00:30:00,1.09e-06,1.09e-06,1.08e-06,1.08e-06,5822815594.0
2024-12-30 00:45:00,1.09e-06,1.09e-06,1.08e-06,1.09e-06,5375131012.0
2024-12-30 01:00:00,1.08e-06,1.09e-06,1.08e-06,1.09e-06,5818107740.0
2024-12-30 01:15:00,1.08e-06,1.09e-06,1.08e-06,1.09e-06,5541412424.0
2024-12-30 01:30:00,1.08e-06,1.1e-06,1.08e-06,1.1e-06,74191824162.0
2024-12-30 01:45:00,1.1e-06,1.1e-06,1.08e-06,1.1e-06,46090981488.0
2024-12-30 02:00:00,1.09e-06,1.1e-06,1.08e-06,1.08e-06,23654606873.0
2024-12-30 02:15:00,1.09e-06,1.09e-06,1.08e-06,1.09e-06,7445440797.0
2024-12-30 02:30:00,1.08e-06,1.09e-06,1.08e-06,1.08e-06,6537323700.0
2024-12-30 02:45:00,1.09e-06,1.09e-06,1.08e-06,1.08e-06,5682010682.0
2024-12-30 03:00:00,1.08e-06,1.09e-06,1.08e-06,1.09e-06,10318552184.0
2024-12-30 03:15:00,1.08e-06,1.09e-06,1.08e-06,1.08e-06,12196451628.0
2024-12-30 03:30:00,1.08e-06,1.09e-06,1.08e-06,1.09e-06,5883947655.0
2024-12-30 03:45:00,1.09e-06,1.09e-06,1.08e-06,1.09e-06,9384869269.0
2024-12-30 04:00:00,1.08e-06,1.09e-06,1.08e-06,1.09e-06,9770943148.0
2024-12-30 04:15:00,1.09e-06,1.09e-06,1.08e-06,1.08e-06,4343110175.0
2024-12-30 04:30:00,1.08e-06,1.09e-06,1.08e-06,1.08e-06,9118412198.0
2024-12-30 04:45:00,1.09e-06,1.09e-06,1.08e-06,1.09e-06,8199232248.0
2024-12-30 05:00:00,1.09e-06,1.09e-06,1.08e-06,1.08e-06,5288106298.0
2024-12-30 05:15:00,1.09e-06,1.09e-06,1.08e-06,1.08e-06,7073567579.0
2024-12-30 05:30:00,1.08e-06,1.09e-06,1.08e-06,1.08e-06,11863928931.0
2024-12-30 05:45:00,1.08e-06,1.09e-06,1.08e-06,1.09e-06,2972955124.0
2024-12-30 06:00:00,1.09e-06,1.09e-06,1.08e-06,1.09e-06,9319308406.0
2024-12-30 06:15:00,1.09e-06,1.1e-06,1.08e-06,1.1e-06,75828145803.0
2024-12-30 06:30:00,1.09e-06,1.1e-06,1.09e-06,1.09e-06,5770776221.0
2024-12-30 06:45:00,1.09e-06,1.1e-06,1.08e-06,1.09e-06,34221212036.0
2024-12-30 07:00:00,1.1e-06,1.1e-06,1.08e-06,1.08e-06,15930090388.0
2024-12-30 07:15:00,1.09e-06,1.09e-06,1.08e-06,1.09e-06,13565158940.0
2024-12-30 07:30:00,1.08e-06,1.09e-06,1.08e-06,1.08e-06,4956602599.0
2024-12-30 07:45:00,1.08e-06,1.09e-06,1.08e-06,1.09e-06,7929285665.0
2024-12-30 08:00:00,1.09e-06,1.09e-06,1.08e-06,1.08e-06,8475524495.0
2024-12-30 08:15:00,1.09e-06,1.09e-06,1.08e-06,1.08e-06,9107535516.0
2024-12-30 08:30:00,1.08e-06,1.09e-06,1.08e-06,1.09e-06,10913032496.0
2024-12-30 08:45:00,1.08e-06,1.09e-06,1.08e-06,1.08e-06,15025750266.0
2024-12-30 09:00:00,1.09e-06,1.09e-06,1.08e-06,1.08e-06,6913867562.0
2024-12-30 09:15:00,1.09e-06,1.09e-06,1.08e-06,1.08e-06,2859960594.0
2024-12-30 09:30:00,1.08e-06,1.09e-06,1.08e-06,1.09e-06,6143197350.0
2024-12-30 09:45:00,1.09e-06,1.09e-06,1.08e-06,1.08e-06,7773420728.0
2024-12-30 10:00:00,1.08e-06,1.09e-06,1.08e-06,1.08e-06,12271686986.0
2024-12-30 10:15:00,1.09e-06,1.09e-06,1.08e-06,1.08e-06,7657293817.0
2024-12-30 10:30:00,1.08e-06,1.09e-06,1.08e-06,1.09e-06,4319867304.0
2024-12-30 10:45:00,1.08e-06,1.09e-06,1.08e-06,1.08e-06,27753258873.0
2024-12-30 11:00:00,1.08e-06,1.09e-06,1.07e-06,1.08e-06,81843659624.0
2024-12-30 11:15:00,1.07e-06,1.09e-06,1.07e-06,1.08e-06,38162021389.0
2024-12-30 11:30:00,1.08e-06,1.09e-06,1.08e-06,1.09e-06,17849187236.0
2024-12-30 11:45:00,1.08e-06,1.09e-06,1.08e-06,1.08e-06,16479680507.0
2024-12-30 12:00:00,1.08e-06,1.09e-06,1.08e-06,1.09e-06,20528421608.0
2024-12-30 12:15:00,1.08e-06,1.09e-06,1.08e-06,1.09e-06,19428939775.0
2024-12-30 12:30:00,1.09e-06,1.09e-06,1.07e-06,1.08e-06,44090954299.0
2024-12-30 12:45:00,1.09e-06,1.09e-06,1.07e-06,1.08e-06,48281240969.0
2024-12-30 13:00:00,1.08e-06,1.09e-06,1.07e-06,1.08e-06,57196782581.0
2024-12-30 13:15:00,1.07e-06,1.08e-06,1.07e-06,1.08e-06,14649842973.0
2024-12-30 13:30:00,1.08e-06,1.08e-06,1.07e-06,1.08e-06,34050721043.0
2024-12-30 13:45:00,1.07e-06,1.08e-06,1.06e-06,1.06e-06,82916242987.0
2024-12-30 14:00:00,1.07e-06,1.07e-06,1.06e-06,1.07e-06,26425227098.0
2024-12-30 14:15:00,1.07e-06,1.07e-06,1.05e-06,1.06e-06,58476145097.0
2024-12-30 14:30:00,1.06e-06,1.07e-06,1.05e-06,1.05e-06,118874645577.0
2024-12-30 14:45:00,1.05e-06,1.06e-06,1.05e-06,1.06e-06,16962129097.0
2024-12-30 15:00:00,1.05e-06,1.06e-06,1.05e-06,1.05e-06,25166478001.0
2024-12-30 15:15:00,1.06e-06,1.06e-06,1.04e-06,1.04e-06,78691639401.0
2024-12-30 15:30:00,1.05e-06,1.06e-06,1.04e-06,1.05e-06,64210293762.0
2024-12-30 15:45:00,1.05e-06,1.06e-06,1.04e-06,1.05e-06,62166260295.0
2024-12-30 16:00:00,1.05e-06,1.05e-06,1.04e-06,1.04e-06,20056423956.0
2024-12-30 16:15:00,1.04e-06,1.05e-06,1.04e-06,1.05e-06,31027788381.0
2024-12-30 16:30:00,1.04e-06,1.05e-06,1.04e-06,1.04e-06,39902710335.0
2024-12-30 16:45:00,1.04e-06,1.05e-06,1.04e-06,1.05e-06,22798017896.0
2024-12-30 17:00:00,1.05e-06,1.05e-06,1.04e-06,1.05e-06,21376313748.0
2024-12-30 17:15:00,1.04e-06,1.06e-06,1.04e-06,1.06e-06,73520315973.0
2024-12-30 17:30:00,1.05e-06,1.07e-06,1.05e-06,1.07e-06,67348874331.0
2024-12-30 17:45:00,1.06e-06,1.07e-06,1.05e-06,1.07e-06,71350626194.0
2024-12-30 18:00:00,1.07e-06,1.07e-06,1.06e-06,1.07e-06,28150840884.0
2024-12-30 18:15:00,1.07e-06,1.07e-06,1.06e-06,1.07e-06,33813468714.0
2024-12-30 18:30:00,1.06e-06,1.07e-06,1.06e-06,1.07e-06,35102904133.0
2024-12-30 18:45:00,1.07e-06,1.07e-06,1.06e-06,1.07e-06,16336426234.0
2024-12-30 19:00:00,1.07e-06,1.07e-06,1.06e-06,1.06e-06,24176288434.0
2024-12-30 19:15:00,1.07e-06,1.07e-06,1.05e-06,1.07e-06,103645385215.0
2024-12-30 19:30:00,1.06e-06,1.07e-06,1.05e-06,1.06e-06,45979466576.0
2024-12-30 19:45:00,1.07e-06,1.07e-06,1.06e-06,1.07e-06,14274526861.0
2024-12-30 20:00:00,1.06e-06,1.07e-06,1.06e-06,1.07e-06,26954112946.0
2024-12-30 20:15:00,1.07e-06,1.07e-06,1.06e-06,1.06e-06,30601213163.0
2024-12-30 20:30:00,1.06e-06,1.07e-06,1.06e-06,1.07e-06,19087279626.0
2024-12-30 20:45:00,1.07e-06,1.07e-06,1.06e-06,1.07e-06,18648488647.0
2024-12-30 21:00:00,1.07e-06,1.07e-06,1.06e-06,1.06e-06,79464870728.0
2024-12-30 21:15:00,1.06e-06,1.07e-06,1.05e-06,1.07e-06,49628694153.0
2024-12-30 21:30:00,1.07e-06,1.07e-06,1.05e-06,1.05e-06,181214255216.0
2024-12-30 21:45:00,1.05e-06,1.06e-06,1.04e-06,1.04e-06,59729644246.0
2024-12-30 22:00:00,1.04e-06,1.06e-06,1.04e-06,1.06e-06,31296605020.0
2024-12-30 22:15:00,1.05e-06,1.06e-06,1.04e-06,1.05e-06,52768735089.0
2024-12-30 22:30:00,1.05e-06,1.06e-06,1.04e-06,1.06e-06,22139625208.0
2024-12-30 22:45:00,1.05e-06,1.06e-06,1.05e-06,1.05e-06,13931747466.0
2024-12-30 23:00:00,1.05e-06,1.06e-06,1.04e-06,1.06e-06,48463892280.0
2024-12-30 23:15:00,1.05e-06,1.06e-06,1.04e-06,1.06e-06,32819245851.0
2024-12-30 23:30:00,1.05e-06,1.06e-06,1.05e-06,1.06e-06,14255445473.0
2024-12-30 23:45:00,1.05e-06,1.06e-06,1.05e-06,1.05e-06,13862959875.0
2024-12-31 00:00:00,1.05e-06,1.07e-06,1.05e-06,1.06e-06,137740334692.0
2024-12-31 00:15:00,1.06e-06,1.06e-06,1.05e-06,1.06e-06,63796471564.0
2024-12-31 00:30:00,1.06e-06,1.07e-06,1.05e-06,1.05e-06,57086989452.0
2024-12-31 00:45:00,1.05e-06,1.06e-06,1.05e-06,1.05e-06,25756313641.0
2024-12-31 01:00:00,1.05e-06,1.06e-06,1.05e-06,1.06e-06,28963201241.0
2024-12-31 01:15:00,1.06e-06,1.07e-06,1.05e-06,1.06e-06,91821804526.0
2024-12-31 01:30:00,1.06e-06,1.07e-06,1.06e-06,1.06e-06,17070402409.0
2024-12-31 01:45:00,1.06e-06,1.1e-06,1.06e-06,1.09e-06,707383857529.0
2024-12-31 02:00:00,1.09e-06,1.1e-06,1.07e-06,1.07e-06,135020001321.0
2024-12-31 02:15:00,1.07e-06,1.08e-06,1.06e-06,1.06e-06,86008125204.0
2024-12-31 02:30:00,1.07e-06,1.07e-06,1.06e-06,1.06e-06,28789658227.0
2024-12-31 02:45:00,1.06e-06,1.07e-06,1.06e-06,1.06e-06,23533785745.0
2024-12-31 03:00:00,1.06e-06,1.07e-06,1.06e-06,1.07e-06,19020738069.0
2024-12-31 03:15:00,1.06e-06,1.1e-06,1.06e-06,1.09e-06,343043901372.0
2024-12-31 03:30:00,1.08e-06,1.1e-06,1.07e-06,1.07e-06,159380560376.0
2024-12-31 03:45:00,1.07e-06,1.08e-06,1.06e-06,1.07e-06,94735758895.0
2024-12-31 04:00:00,1.06e-06,1.08e-06,1.06e-06,1.07e-06,80443738224.0
2024-12-31 04:15:00,1.07e-06,1.09e-06,1.07e-06,1.09e-06,76889143664.0
2024-12-31 04:30:00,1.09e-06,1.09e-06,1.08e-06,1.08e-06,33598584267.0
2024-12-31 04:45:00,1.08e-06,1.09e-06,1.07e-06,1.08e-06,28404976819.0
2024-12-31 05:00:00,1.07e-06,1.08e-06,1.07e-06,1.07e-06,16329412512.0
2024-12-31 05:15:00,1.07e-06,1.08e-06,1.07e-06,1.08e-06,15030295653.0
2024-12-31 05:30:00,1.07e-06,1.08e-06,1.07e-06,1.07e-06,19919668721.0
2024-12-31 05:45:00,1.08e-06,1.08e-06,1.07e-06,1.07e-06,13160686444.0
2024-12-31 06:00:00,1.08e-06,1.09e-06,1.07e-06,1.09e-06,76964788048.0
2024-12-31 06:15:00,1.08e-06,1.1e-06,1.08e-06,1.08e-06,190344344062.0
2024-12-31 06:30:00,1.08e-06,1.09e-06,1.07e-06,1.08e-06,104903414727.0
2024-12-31 06:45:00,1.08e-06,1.08e-06,1.07e-06,1.08e-06,13448243522.0
2024-12-31 07:00:00,1.07e-06,1.09e-06,1.07e-06,1.09e-06,57134252823.0
2024-12-31 07:15:00,1.08e-06,1.09e-06,1.07e-06,1.09e-06,66185946881.0
2024-12-31 07:30:00,1.08e-06,1.09e-06,1.07e-06,1.08e-06,67458907789.0
2024-12-31 07:45:00,1.09e-06,1.09e-06,1.08e-06,1.08e-06,15634969958.0
2024-12-31 08:00:00,1.08e-06,1.09e-06,1.08e-06,1.09e-06,17916098449.0
2024-12-31 08:15:00,1.09e-06,1.1e-06,1.08e-06,1.1e-06,90433177938.0
2024-12-31 08:30:00,1.1e-06,1.1e-06,1.08e-06,1.09e-06,114290742964.0
2024-12-31 08:45:00,1.09e-06,1.09e-06,1.08e-06,1.08e-06,39462468081.0
2024-12-31 09:00:00,1.09e-06,1.09e-06,1.08e-06,1.09e-06,21387454782.0
2024-12-31 09:15:00,1.09e-06,1.09e-06,1.08e-06,1.09e-06,25326020756.0
2024-12-31 09:30:00,1.08e-06,1.09e-06,1.08e-06,1.09e-06,16277173874.0
2024-12-31 09:45:00,1.08e-06,1.09e-06,1.08e-06,1.09e-06,31595590941.0
2024-12-31 10:00:00,1.08e-06,1.09e-06,1.07e-06,1.08e-06,81482641073.0
2024-12-31 10:15:00,1.07e-06,1.09e-06,1.07e-06,1.09e-06,65470623949.0
2024-12-31 10:30:00,1.09e-06,1.09e-06,1.07e-06,1.08e-06,72074756410.0
2024-12-31 10:45:00,1.08e-06,1.09e-06,1.07e-06,1.08e-06,92702826090.0
2024-12-31 11:00:00,1.07e-06,1.09e-06,1.07e-06,1.07e-06,36904313412.0
2024-12-31 11:15:00,1.07e-06,1.08e-06,1.07e-06,1.08e-06,29475698510.0
2024-12-31 11:30:00,1.07e-06,1.09e-06,1.07e-06,1.08e-06,44906890218.0
2024-12-31 11:45:00,1.08e-06,1.08e-06,1.07e-06,1.08e-06,16457632264.0
2024-12-31 12:00:00,1.07e-06,1.09e-06,1.07e-06,1.08e-06,56343920870.0
2024-12-31 12:15:00,1.09e-06,1.09e-06,1.08e-06,1.09e-06,20520080333.0
2024-12-31 12:30:00,1.09e-06,1.09e-06,1.08e-06,1.09e-06,13963387441.0
2024-12-31 12:45:00,1.08e-06,1.09e-06,1.07e-06,1.08e-06,30020793992.0
2024-12-31 13:00:00,1.08e-06,1.08e-06,1.07e-06,1.07e-06,108230550110.0
2024-12-31 13:15:00,1.08e-06,1.09e-06,1.07e-06,1.09e-06,44619478611.0
2024-12-31 13:30:00,1.08e-06,1.09e-06,1.07e-06,1.09e-06,37352641545.0
2024-12-31 13:45:00,1.09e-06,1.09e-06,1.08e-06,1.09e-06,33557657466.0
2024-12-31 14:00:00,1.09e-06,1.1e-06,1.08e-06,1.09e-06,56324759268.0
2024-12-31 14:15:00,1.09e-06,1.1e-06,1.09e-06,1.1e-06,39843402838.0
2024-12-31 14:30:00,1.1e-06,1.1e-06,1.09e-06,1.1e-06,81127407606.0
2024-12-31 14:45:00,1.09e-06,1.1e-06,1.08e-06,1.09e-06,26023496215.0
2024-12-31 15:00:00,1.09e-06,1.09e-06,1.08e-06,1.09e-06,22288944451.0
2024-12-31 15:15:00,1.09e-06,1.09e-06,1.08e-06,1.09e-06,19705587267.0
2024-12-31 15:30:00,1.09e-06,1.09e-06,1.08e-06,1.08e-06,25236782736.0
2024-12-31 15:45:00,1.08e-06,1.09e-06,1.08e-06,1.09e-06,21697748854.0
2024-12-31 16:00:00,1.09e-06,1.09e-06,1.08e-06,1.08e-06,32951745771.0
2024-12-31 16:15:00,1.09e-06,1.09e-06,1.08e-06,1.09e-06,16474992696.0
2024-12-31 16:30:00,1.08e-06,1.09e-06,1.07e-06,1.08e-06,82974349830.0
2024-12-31 16:45:00,1.07e-06,1.08e-06,1.07e-06,1.08e-06,20384457811.0
2024-12-31 17:00:00,1.08e-06,1.08e-06,1.07e-06,1.07e-06,16465095544.0
2024-12-31 17:15:00,1.08e-06,1.08e-06,1.07e-06,1.08e-06,18828748515.0
2024-12-31 17:30:00,1.08e-06,1.08e-06,1.06e-06,1.07e-06,77647793664.0
2024-12-31 17:45:00,1.07e-06,1.07e-06,1.06e-06,1.06e-06,22252137615.0
2024-12-31 18:00:00,1.07e-06,1.07e-06,1.06e-06,1.07e-06,17777481366.0
2024-12-31 18:15:00,1.06e-06,1.07e-06,1.06e-06,1.07e-06,15181556089.0
2024-12-31 18:30:00,1.07e-06,1.07e-06,1.06e-06,1.06e-06,17450208525.0
2024-12-31 18:45:00,1.07e-06,1.07e-06,1.06e-06,1.07e-06,12172301607.0
2024-12-31 19:00:00,1.07e-06,1.07e-06,1.06e-06,1.07e-06,29965914623.0
2024-12-31 19:15:00,1.06e-06,1.07e-06,1.06e-06,1.06e-06,12444143470.0
2024-12-31 19:30:00,1.07e-06,1.07e-06,1.05e-06,1.06e-06,59587843078.0
2024-12-31 19:45:00,1.06e-06,1.07e-06,1.06e-06,1.06e-06,17909878272.0
2024-12-31 20:00:00,1.06e-06,1.07e-06,1.05e-06,1.06e-06,35870846650.0
2024-12-31 20:15:00,1.06e-06,1.07e-06,1.06e-06,1.07e-06,13270084969.0
2024-12-31 20:30:00,1.07e-06,1.07e-06,1.05e-06,1.05e-06,19765182031.0
2024-12-31 20:45:00,1.06e-06,1.06e-06,1.05e-06,1.06e-06,25530047890.0
2024-12-31 21:00:00,1.06e-06,1.08e-06,1.05e-06,1.07e-06,89742472456.0
2024-12-31 21:15:00,1.07e-06,1.08e-06,1.07e-06,1.08e-06,34538457149.0
2024-12-31 21:30:00,1.07e-06,1.08e-06,1.07e-06,1.07e-06,17639081808.0
2024-12-31 21:45:00,1.07e-06,1.08e-06,1.07e-06,1.08e-06,17269361944.0
2024-12-31 22:00:00,1.07e-06,1.08e-06,1.06e-06,1.08e-06,42304324151.0
2024-12-31 22:15:00,1.07e-06,1.08e-06,1.06e-06,1.07e-06,88370125898.0
2024-12-31 22:30:00,1.07e-06,1.08e-06,1.06e-06,1.07e-06,45025421523.0
2024-12-31 22:45:00,1.08e-06,1.08e-06,1.06e-06,1.07e-06,17858186798.0
2024-12-31 23:00:00,1.07e-06,1.07e-06,1.06e-06,1.06e-06,19519379612.0
2024-12-31 23:15:00,1.06e-06,1.07e-06,1.06e-06,1.06e-06,16306619814.0
2024-12-31 23:30:00,1.06e-06,1.07e-06,1.06e-06,1.06e-06,21142675721.0
2024-12-31 23:45:00,1.06e-06,1.07e-06,1.06e-06,1.07e-06,13971317013.0
2025-01-01 00:00:00,1.06e-06,1.12e-06,1.06e-06,1.09e-06,867990881983.0
2025-01-01 00:15:00,1.1e-06,1.1e-06,1.07e-06,1.08e-06,247689819605.0
2025-01-01 00:30:00,1.08e-06,1.09e-06,1.07e-06,1.08e-06,102988973214.0
2025-01-01 00:45:00,1.08e-06,1.09e-06,1.07e-06,1.08e-06,73645488863.0
2025-01-01 01:00:00,1.09e-06,1.09e-06,1.07e-06,1.08e-06,32401335970.0
2025-01-01 01:15:00,1.07e-06,1.08e-06,1.07e-06,1.08e-06,14379068273.0
2025-01-01 01:30:00,1.07e-06,1.08e-06,1.07e-06,1.07e-06,17268000559.0
2025-01-01 01:45:00,1.08e-06,1.08e-06,1.07e-06,1.08e-06,17969186829.0
2025-01-01 02:00:00,1.08e-06,1.08e-06,1.07e-06,1.07e-06,24469859805.0
2025-01-01 02:15:00,1.08e-06,1.08e-06,1.07e-06,1.07e-06,21528030832.0
2025-01-01 02:30:00,1.08e-06,1.08e-06,1.07e-06,1.08e-06,13372766387.0
2025-01-01 02:45:00,1.08e-06,1.08e-06,1.07e-06,1.07e-06,12757757174.0
2025-01-01 03:00:00,1.07e-06,1.08e-06,1.07e-06,1.07e-06,14361682070.0
2025-01-01 03:15:00,1.07e-06,1.08e-06,1.07e-06,1.07e-06,11877059767.0
2025-01-01 03:30:00,1.07e-06,1.08e-06,1.07e-06,1.08e-06,11354111865.0
2025-01-01 03:45:00,1.07e-06,1.08e-06,1.07e-06,1.08e-06,11755121457.0
2025-01-01 04:00:00,1.08e-06,1.08e-06,1.07e-06,1.07e-06,14673201787.0
2025-01-01 04:15:00,1.08e-06,1.08e-06,1.07e-06,1.08e-06,19008229842.0
2025-01-01 04:30:00,1.07e-06,1.08e-06,1.07e-06,1.07e-06,15714150253.0
2025-01-01 04:45:00,1.07e-06,1.08e-06,1.07e-06,1.07e-06,14379725831.0
2025-01-01 05:00:00,1.07e-06,1.08e-06,1.07e-06,1.07e-06,20036214642.0
2025-01-01 05:15:00,1.07e-06,1.08e-06,1.07e-06,1.08e-06,8891471433.0
2025-01-01 05:30:00,1.07e-06,1.08e-06,1.07e-06,1.07e-06,12277437012.0
2025-01-01 05:45:00,1.07e-06,1.08e-06,1.07e-06,1.08e-06,42818093096.0
2025-01-01 06:00:00,1.07e-06,1.08e-06,1.07e-06,1.07e-06,13747872070.0
2025-01-01 06:15:00,1.08e-06,1.08e-06,1.07e-06,1.08e-06,17691662829.0
2025-01-01 06:30:00,1.07e-06,1.08e-06,1.07e-06,1.08e-06,12715715526.0
2025-01-01 06:45:00,1.08e-06,1.08e-06,1.07e-06,1.08e-06,13232140436.0
2025-01-01 07:00:00,1.07e-06,1.08e-06,1.07e-06,1.07e-06,19313137683.0
2025-01-01 07:15:00,1.07e-06,1.08e-06,1.07e-06,1.07e-06,14032160414.0
2025-01-01 07:30:00,1.08e-06,1.08e-06,1.07e-06,1.08e-06,18028002522.0
2025-01-01 07:45:00,1.07e-06,1.08e-06,1.07e-06,1.07e-06,13645167981.0
2025-01-01 08:00:00,1.07e-06,1.08e-06,1.07e-06,1.07e-06,21329176176.0
2025-01-01 08:15:00,1.07e-06,1.08e-06,1.07e-06,1.07e-06,39908688200.0
2025-01-01 08:30:00,1.06e-06,1.08e-06,1.06e-06,1.08e-06,89992347473.0
2025-01-01 08:45:00,1.07e-06,1.08e-06,1.06e-06,1.06e-06,41420206210.0
2025-01-01 09:00:00,1.07e-06,1.07e-06,1.06e-06,1.07e-06,17330611792.0
2025-01-01 09:15:00,1.06e-06,1.07e-06,1.05e-06,1.06e-06,66291168577.0
2025-01-01 09:30:00,1.05e-06,1.06e-06,1.05e-06,1.05e-06,20056277890.0
2025-01-01 09:45:00,1.05e-06,1.06e-06,1.05e-06,1.05e-06,19010183441.0
2025-01-01 10:00:00,1.06e-06,1.06e-06,1.05e-06,1.06e-06,17342257170.0
2025-01-01 10:15:00,1.05e-06,1.06e-06,1.05e-06,1.05e-06,14053698588.0
2025-01-01 10:30:00,1.06e-06,1.06e-06,1.05e-06,1.06e-06,15263827371.0
2025-01-01 10:45:00,1.05e-06,1.06e-06,1.05e-06,1.06e-06,13905498777.0
2025-01-01 11:00:00,1.06e-06,1.06e-06,1.05e-06,1.05e-06,50973457128.0
2025-01-01 11:15:00,1.05e-06,1.06e-06,1.05e-06,1.06e-06,15536239313.0
2025-01-01 11:30:00,1.06e-06,1.06e-06,1.05e-06,1.06e-06,19499343804.0
2025-01-01 11:45:00,1.05e-06,1.06e-06,1.05e-06,1.05e-06,22813947849.0
2025-01-01 12:00:00,1.06e-06,1.06e-06,1.05e-06,1.06e-06,18504254366.0
2025-01-01 12:15:00,1.05e-06,1.07e-06,1.05e-06,1.07e-06,168774322398.0
2025-01-01 12:30:00,1.07e-06,1.09e-06,1.07e-06,1.07e-06,385256629243.0
2025-01-01 12:45:00,1.07e-06,1.07e-06,1.06e-06,1.06e-06,30278152711.0
2025-01-01 13:00:00,1.07e-06,1.07e-06,1.05e-06,1.05e-06,138736894802.0
2025-01-01 13:15:00,1.06e-06,1.06e-06,1.05e-06,1.06e-06,34126991450.0
2025-01-01 13:30:00,1.06e-06,1.07e-06,1.06e-06,1.06e-06,20873744647.0
2025-01-01 13:45:00,1.06e-06,1.07e-06,1.06e-06,1.06e-06,19379672034.0
2025-01-01 14:00:00,1.06e-06,1.07e-06,1.06e-06,1.07e-06,16601361082.0
2025-01-01 14:15:00,1.06e-06,1.07e-06,1.05e-06,1.05e-06,56746352298.0
2025-01-01 14:30:00,1.06e-06,1.06e-06,1.05e-06,1.06e-06,14241697891.0
2025-01-01 14:45:00,1.06e-06,1.06e-06,1.05e-06,1.06e-06,14555403621.0
2025-01-01 15:00:00,1.06e-06,1.06e-06,1.05e-06,1.05e-06,28718679158.0
2025-01-01 15:15:00,1.06e-06,1.06e-06,1.05e-06,1.05e-06,20153791746.0
2025-01-01 15:30:00,1.05e-06,1.06e-06,1.05e-06,1.06e-06,26106931276.0
2025-01-01 15:45:00,1.05e-06,1.07e-06,1.05e-06,1.06e-06,109579578745.0
2025-01-01 16:00:00,1.07e-06,1.07e-06,1.05e-06,1.05e-06,31475530682.0
2025-01-01 16:15:00,1.06e-06,1.07e-06,1.05e-06,1.07e-06,49575972332.0
2025-01-01 16:30:00,1.06e-06,1.07e-06,1.05e-06,1.05e-06,29725221933.0
2025-01-01 16:45:00,1.05e-06,1.07e-06,1.05e-06,1.06e-06,56650610301.0
2025-01-01 17:00:00,1.07e-06,1.07e-06,1.05e-06,1.05e-06,35132836329.0
2025-01-01 17:15:00,1.05e-06,1.06e-06,1.05e-06,1.06e-06,18548156251.0
2025-01-01 17:30:00,1.05e-06,1.07e-06,1.05e-06,1.06e-06,47188522417.0
2025-01-01 17:45:00,1.07e-06,1.07e-06,1.06e-06,1.06e-06,22311543542.0
2025-01-01 18:00:00,1.07e-06,1.07e-06,1.06e-06,1.06e-06,19678342381.0
2025-01-01 18:15:00,1.06e-06,1.07e-06,1.06e-06,1.07e-06,21730030401.0
2025-01-01 18:30:00,1.07e-06,1.07e-06,1.06e-06,1.07e-06,19448389515.0
2025-01-01 18:45:00,1.06e-06,1.07e-06,1.06e-06,1.06e-06,21932507519.0
2025-01-01 19:00:00,1.06e-06,1.08e-06,1.06e-06,1.07e-06,86401242881.0
2025-01-01 19:15:00,1.07e-06,1.08e-06,1.07e-06,1.08e-06,25424342126.0
2025-01-01 19:30:00,1.07e-06,1.08e-06,1.07e-06,1.08e-06,20383807645.0
2025-01-01 19:45:00,1.07e-06,1.08e-06,1.07e-06,1.07e-06,21182743408.0
2025-01-01 20:00:00,1.07e-06,1.08e-06,1.07e-06,1.08e-06,16753338728.0
2025-01-01 20:15:00,1.07e-06,1.08e-06,1.07e-06,1.08e-06,33006986901.0
2025-01-01 20:30:00,1.08e-06,1.09e-06,1.07e-06,1.08e-06,91112563184.0
2025-01-01 20:45:00,1.07e-06,1.08e-06,1.07e-06,1.08e-06,25897500939.0
2025-01-01 21:00:00,1.07e-06,1.09e-06,1.07e-06,1.08e-06,71983877531.0
2025-01-01 21:15:00,1.07e-06,1.08e-06,1.07e-06,1.07e-06,21222036567.0
2025-01-01 21:30:00,1.08e-06,1.08e-06,1.07e-06,1.07e-06,21088055488.0
2025-01-01 21:45:00,1.07e-06,1.08e-06,1.07e-06,1.08e-06,28738428915.0
2025-01-01 22:00:00,1.08e-06,1.08e-06,1.07e-06,1.07e-06,51747257236.0
2025-01-01 22:15:00,1.08e-06,1.08e-06,1.07e-06,1.08e-06,20246601541.0
2025-01-01 22:30:00,1.07e-06,1.08e-06,1.07e-06,1.07e-06,13964534574.0
2025-01-01 22:45:00,1.08e-06,1.08e-06,1.07e-06,1.07e-06,61830122736.0
2025-01-01 23:00:00,1.07e-06,1.09e-06,1.07e-06,1.07e-06,87193436230.0
2025-01-01 23:15:00,1.08e-06,1.09e-06,1.07e-06,1.08e-06,76199930326.0
2025-01-01 23:30:00,1.07e-06,1.09e-06,1.07e-06,1.09e-06,35864126242.0
2025-01-01 23:45:00,1.08e-06,1.08e-06,1.07e-06,1.08e-06,30402530436.0
2025-01-02 00:00:00,1.07e-06,1.09e-06,1.07e-06,1.08e-06,87031474864.0
2025-01-02 00:15:00,1.07e-06,1.09e-06,1.07e-06,1.07e-06,69282417522.0
2025-01-02 00:30:00,1.08e-06,1.08e-06,1.07e-06,1.08e-06,26774910732.0
2025-01-02 00:45:00,1.08e-06,1.08e-06,1.07e-06,1.08e-06,28422051346.0
2025-01-02 01:00:00,1.07e-06,1.08e-06,1.07e-06,1.08e-06,30656234429.0
2025-01-02 01:15:00,1.08e-06,1.08e-06,1.07e-06,1.07e-06,21630994900.0
2025-01-02 01:30:00,1.08e-06,1.08e-06,1.07e-06,1.07e-06,25838362834.0
2025-01-02 01:45:00,1.07e-06,1.08e-06,1.07e-06,1.07e-06,14090225192.0
2025-01-02 02:00:00,1.07e-06,1.08e-06,1.07e-06,1.08e-06,26196069399.0
2025-01-02 02:15:00,1.07e-06,1.08e-06,1.07e-06,1.07e-06,20623148610.0
2025-01-02 02:30:00,1.07e-06,1.08e-06,1.07e-06,1.08e-06,86074822072.0
2025-01-02 02:45:00,1.07e-06,1.09e-06,1.07e-06,1.08e-06,35588316819.0
2025-01-02 03:00:00,1.09e-06,1.09e-06,1.07e-06,1.08e-06,43139628096.0
2025-01-02 03:15:00,1.07e-06,1.08e-06,1.07e-06,1.08e-06,16170101220.0
2025-01-02 03:30:00,1.07e-06,1.08e-06,1.07e-06,1.07e-06,14766984615.0
2025-01-02 03:45:00,1.07e-06,1.08e-06,1.07e-06,1.07e-06,16856072232.0
2025-01-02 04:00:00,1.08e-06,1.08e-06,1.07e-06,1.08e-06,15569607878.0
2025-01-02 04:15:00,1.07e-06,1.08e-06,1.07e-06,1.08e-06,17789985140.0
2025-01-02 04:30:00,1.07e-06,1.09e-06,1.07e-06,1.09e-06,55193114327.0
2025-01-02 04:45:00,1.08e-06,1.09e-06,1.08e-06,1.08e-06,48992333642.0
2025-01-02 05:00:00,1.09e-06,1.09e-06,1.08e-06,1.09e-06,19939083158.0
2025-01-02 05:15:00,1.08e-06,1.09e-06,1.08e-06,1.09e-06,17693018269.0
2025-01-02 05:30:00,1.08e-06,1.09e-06,1.08e-06,1.08e-06,15827665929.0
2025-01-02 05:45:00,1.09e-06,1.09e-06,1.08e-06,1.08e-06,19703537719.0
2025-01-02 06:00:00,1.08e-06,1.09e-06,1.07e-06,1.08e-06,97603690652.0
2025-01-02 06:15:00,1.08e-06,1.09e-06,1.07e-06,1.08e-06,58930327731.0
2025-01-02 06:30:00,1.08e-06,1.09e-06,1.08e-06,1.08e-06,31930111155.0
2025-01-02 06:45:00,1.08e-06,1.09e-06,1.07e-06,1.09e-06,57078717961.0
2025-01-02 07:00:00,1.08e-06,1.09e-06,1.08e-06,1.09e-06,27683322663.0
2025-01-02 07:15:00,1.08e-06,1.09e-06,1.08e-06,1.08e-06,15371225152.0
2025-01-02 07:30:00,1.08e-06,1.09e-06,1.08e-06,1.08e-06,18449493106.0
2025-01-02 07:45:00,1.09e-06,1.09e-06,1.08e-06,1.08e-06,18381427130.0
2025-01-02 08:00:00,1.08e-06,1.09e-06,1.08e-06,1.08e-06,14945562077.0
2025-01-02 08:15:00,1.08e-06,1.09e-06,1.08e-06,1.08e-06,28977143473.0
2025-01-02 08:30:00,1.08e-06,1.09e-06,1.08e-06,1.08e-06,16894828411.0
2025-01-02 08:45:00,1.08e-06,1.09e-06,1.08e-06,1.09e-06,31926211546.0
2025-01-02 09:00:00,1.08e-06,1.09e-06,1.08e-06,1.08e-06,22045824248.0
2025-01-02 09:15:00,1.08e-06,1.09e-06,1.08e-06,1.08e-06,28644711744.0
2025-01-02 09:30:00,1.09e-06,1.1e-06,1.08e-06,1.09e-06,89702621366.0
2025-01-02 09:45:00,1.09e-06,1.1e-06,1.09e-06,1.09e-06,18977499127.0
2025-01-02 10:00:00,1.1e-06,1.1e-06,1.09e-06,1.1e-06,26000758372.0
2025-01-02 10:15:00,1.1e-06,1.1e-06,1.09e-06,1.09e-06,21140216559.0
2025-01-02 10:30:00,1.09e-06,1.11e-06,1.09e-06,1.1e-06,143816173984.0
2025-01-02 10:45:00,1.09e-06,1.11e-06,1.09e-06,1.11e-06,44021703461.0
2025-01-02 11:00:00,1.11e-06,1.11e-06,1.1e-06,1.11e-06,34570774495.0
2025-01-02 11:15:00,1.11e-06,1.11e-06,1.09e-06,1.1e-06,86952597778.0
2025-01-02 11:30:00,1.09e-06,1.1e-06,1.09e-06,1.09e-06,19633577142.0
2025-01-02 11:45:00,1.1e-06,1.11e-06,1.09e-06,1.11e-06,38929366361.0
2025-01-02 12:00:00,1.11e-06,1.11e-06,1.1e-06,1.11e-06,19494946818.0
2025-01-02 12:15:00,1.1e-06,1.11e-06,1.1e-06,1.1e-06,10963993581.0
2025-01-02 12:30:00,1.1e-06,1.11e-06,1.09e-06,1.1e-06,82178122002.0
2025-01-02 12:45:00,1.1e-06,1.11e-06,1.09e-06,1.11e-06,65545025792.0
2025-01-02 13:00:00,1.11e-06,1.11e-06,1.1e-06,1.11e-06,23616178106.0
2025-01-02 13:15:00,1.11e-06,1.11e-06,1.1e-06,1.1e-06,16077629483.0
2025-01-02 13:30:00,1.1e-06,1.11e-06,1.1e-06,1.11e-06,37970564495.0
2025-01-02 13:45:00,1.11e-06,1.11e-06,1.09e-06,1.1e-06,60248534483.0
2025-01-02 14:00:00,1.1e-06,1.1e-06,1.08e-06,1.09e-06,256470177555.0
2025-01-02 14:15:00,1.09e-06,1.1e-06,1.08e-06,1.1e-06,133356719880.0
2025-01-02 14:30:00,1.1e-06,1.11e-06,1.09e-06,1.1e-06,185906315899.0
2025-01-02 14:45:00,1.09e-06,1.1e-06,1.09e-06,1.1e-06,19489086512.0
2025-01-02 15:00:00,1.09e-06,1.1e-06,1.09e-06,1.09e-06,10518933889.0
2025-01-02 15:15:00,1.1e-06,1.1e-06,1.08e-06,1.09e-06,109285093401.0
2025-01-02 15:30:00,1.09e-06,1.09e-06,1.08e-06,1.09e-06,5973085508.0
2025-01-02 15:45:00,1.09e-06,1.09e-06,1.08e-06,1.08e-06,19915658164.0
2025-01-02 16:00:00,1.09e-06,1.09e-06,1.08e-06,1.08e-06,16727614780.0
2025-01-02 16:15:00,1.09e-06,1.1e-06,1.08e-06,1.09e-06,81937930885.0
2025-01-02 16:30:00,1.1e-06,1.1e-06,1.08e-06,1.09e-06,46575785520.0
2025-01-02 16:45:00,1.1e-06,1.1e-06,1.09e-06,1.1e-06,15370520279.0
2025-01-02 17:00:00,1.09e-06,1.1e-06,1.09e-06,1.1e-06,11269734016.0
2025-01-02 17:15:00,1.1e-06,1.1e-06,1.09e-06,1.1e-06,21011972495.0
2025-01-02 17:30:00,1.1e-06,1.1e-06,1.09e-06,1.1e-06,16419661230.0
2025-01-02 17:45:00,1.1e-06,1.1e-06,1.08e-06,1.08e-06,53618690942.0
2025-01-02 18:00:00,1.09e-06,1.09e-06,1.08e-06,1.09e-06,8600515002.0
2025-01-02 18:15:00,1.08e-06,1.09e-06,1.08e-06,1.09e-06,8510561942.0
2025-01-02 18:30:00,1.08e-06,1.1e-06,1.08e-06,1.1e-06,27753423266.0
2025-01-02 18:45:00,1.1e-06,1.1e-06,1.09e-06,1.1e-06,9320573255.0
2025-01-02 19:00:00,1.09e-06,1.1e-06,1.09e-06,1.1e-06,19625855921.0
2025-01-02 19:15:00,1.09e-06,1.1e-06,1.09e-06,1.09e-06,13570675580.0
2025-01-02 19:30:00,1.1e-06,1.1e-06,1.09e-06,1.09e-06,20054231543.0
2025-01-02 19:45:00,1.09e-06,1.1e-06,1.09e-06,1.09e-06,42313906745.0
2025-01-02 20:00:00,1.1e-06,1.1e-06,1.09e-06,1.1e-06,9072067750.0
2025-01-02 20:15:00,1.09e-06,1.1e-06,1.09e-06,1.09e-06,14315697489.0
2025-01-02 20:30:00,1.1e-06,1.1e-06,1.08e-06,1.09e-06,42494662612.0
2025-01-02 20:45:00,1.08e-06,1.09e-06,1.08e-06,1.08e-06,13898525127.0
2025-01-02 21:00:00,1.08e-06,1.09e-06,1.08e-06,1.09e-06,6833686662.0
2025-01-02 21:15:00,1.08e-06,1.09e-06,1.08e-06,1.08e-06,8224818985.0
2025-01-02 21:30:00,1.09e-06,1.09e-06,1.08e-06,1.09e-06,20134845788.0
2025-01-02 21:45:00,1.08e-06,1.09e-06,1.08e-06,1.08e-06,6457970899.0
2025-01-02 22:00:00,1.08e-06,1.09e-06,1.08e-06,1.09e-06,11123622996.0
2025-01-02 22:15:00,1.08e-06,1.09e-06,1.08e-06,1.08e-06,8594489010.0
2025-01-02 22:30:00,1.08e-06,1.09e-06,1.08e-06,1.09e-06,6788301534.0
2025-01-02 22:45:00,1.08e-06,1.09e-06,1.08e-06,1.09e-06,6985818695.0
2025-01-02 23:00:00,1.08e-06,1.09e-06,1.08e-06,1.08e-06,11308148484.0
2025-01-02 23:15:00,1.09e-06,1.09e-06,1.08e-06,1.08e-06,11671943021.0
2025-01-02 23:30:00,1.08e-06,1.09e-06,1.08e-06,1.08e-06,8571154722.0
2025-01-02 23:45:00,1.08e-06,1.1e-06,1.08e-06,1.09e-06,47797073261.0
2025-01-03 00:00:00,1.1e-06,1.1e-06,1.09e-06,1.09e-06,6996299565.0
2025-01-03 00:15:00,1.1e-06,1.12e-06,1.09e-06,1.11e-06,434235173275.0
2025-01-03 00:30:00,1.12e-06,1.12e-06,1.1e-06,1.11e-06,96150549205.0
2025-01-03 00:45:00,1.11e-06,1.13e-06,1.11e-06,1.13e-06,99150534588.0
2025-01-03 01:00:00,1.13e-06,1.14e-06,1.11e-06,1.13e-06,232143014337.0
2025-01-03 01:15:00,1.13e-06,1.13e-06,1.1e-06,1.11e-06,459039057698.0
2025-01-03 01:30:00,1.11e-06,1.12e-06,1.1e-06,1.1e-06,65187256260.0
2025-01-03 01:45:00,1.11e-06,1.11e-06,1.1e-06,1.11e-06,15592743062.0
2025-01-03 02:00:00,1.1e-06,1.12e-06,1.1e-06,1.12e-06,41165733747.0
2025-01-03 02:15:00,1.11e-06,1.12e-06,1.11e-06,1.12e-06,13660159780.0
2025-01-03 02:30:00,1.12e-06,1.12e-06,1.11e-06,1.11e-06,32797124444.0
2025-01-03 02:45:00,1.12e-06,1.12e-06,1.1e-06,1.11e-06,84727577269.0
2025-01-03 03:00:00,1.1e-06,1.11e-06,1.1e-06,1.11e-06,7280589882.0
2025-01-03 03:15:00,1.11e-06,1.11e-06,1.11e-06,1.11e-06,0.0
